"","Predator","Predator_Size","Median_N","Max_N","Min_N"
"1","Active Cephs",0.01,0.103630704347679,0.113510231464535,0.0928659874053237
"2","Active Cephs",0.0125892541179417,0.0920766908263786,0.101666707936734,0.0818598437393726
"3","Active Cephs",0.0158489319246111,0.0815385173494046,0.0906916853583212,0.0719667454470232
"4","Active Cephs",0.0199526231496888,0.0716506206877606,0.0801893017801986,0.0628493172019908
"5","Active Cephs",0.0251188643150958,0.0622087297901412,0.0699446548358142,0.0543166840409478
"6","Active Cephs",0.0316227766016838,0.0531806236843007,0.0599468151792117,0.0463237740987004
"7","Active Cephs",0.0398107170553497,0.0446925965930177,0.0503835662299027,0.038947435356044
"8","Active Cephs",0.0501187233627271,0.0369659337990308,0.0415723949184713,0.0323272746411821
"9","Active Cephs",0.0630957344480194,0.0302150785272236,0.0338321131965461,0.0265865597795383
"10","Active Cephs",0.0794328234724282,0.0245461332305077,0.0273414937014351,0.0217637759991784
"11","Active Cephs",0.1,0.0199058531974057,0.0220614830033247,0.017786007265242
"12","Active Cephs",0.125892541179417,0.0161133747586272,0.0177763287355828,0.0144987213189916
"13","Active Cephs",0.158489319246111,0.0129550780571086,0.0142249947174826,0.0117339438443609
"14","Active Cephs",0.199526231496888,0.0102744059220515,0.011220507012341,0.00937110952428234
"15","Active Cephs",0.251188643150958,0.00799900702532771,0.00868006927671519,0.00735375932282744
"16","Active Cephs",0.316227766016838,0.00610861657301875,0.00658083975098348,0.0056652005052146
"17","Active Cephs",0.398107170553497,0.00458890377374884,0.00490463883594523,0.00429396715234044
"18","Active Cephs",0.501187233627271,0.00340670367888563,0.00361122176656131,0.00321424479644384
"19","Active Cephs",0.630957344480194,0.00251085459221339,0.00264033572966848,0.0023854639480449
"20","Active Cephs",0.794328234724282,0.00184437772227816,0.0019255785927241,0.00176128868960273
"21","Active Cephs",1,0.00135469543484798,0.00140602402081173,0.00129776682516998
"22","Active Cephs",1.25892541179417,0.000997912637144838,0.00103128434424502,0.000957123664323439
"23","Active Cephs",1.58489319246111,0.000739210228563313,0.000761982561419024,0.00070853700602982
"24","Active Cephs",1.99526231496888,0.000551844988348985,0.000568400588676548,0.000527735851290738
"25","Active Cephs",2.51188643150958,0.000415829514206423,0.000428703821092802,0.000396202596369274
"26","Active Cephs",3.16227766016838,0.000316570977924466,0.000327194558171516,0.000300191394238992
"27","Active Cephs",3.98107170553497,0.000243595759708057,0.000252759718329623,0.000229706159669942
"28","Active Cephs",5.01187233627271,0.000189462111286278,0.000197598656094687,0.00017757251548109
"29","Active Cephs",6.30957344480194,0.000148904406673105,0.000156249529867378,0.000138676573220116
"30","Active Cephs",7.94328234724282,0.000118195374623673,0.000124879418230266,0.000109380288119307
"31","Active Cephs",10,9.46849573996554e-05,0.000100780813493301,8.70890609099649e-05
"32","Active Cephs",12.5892541179417,7.64708864826896e-05,8.20182384026924e-05,6.99379034376242e-05
"33","Active Cephs",15.8489319246111,6.21643912575637e-05,6.71810504250134e-05,5.65660874457112e-05
"34","Active Cephs",19.9526231496888,5.0726750596816e-05,5.52139383745836e-05,4.59589410594831e-05
"35","Active Cephs",25.1188643150958,4.13631989520173e-05,4.53094505842582e-05,3.73439844368292e-05
"36","Active Cephs",31.6227766016838,3.34648530036124e-05,3.68516509580776e-05,3.01321303761238e-05
"37","Active Cephs",39.8107170553497,2.6585218735821e-05,2.93953313011505e-05,2.38915069794325e-05
"38","Active Cephs",50.1187233627271,2.04311809347826e-05,2.26581224792091e-05,1.83359942853791e-05
"39","Active Cephs",63.0957344480194,1.48484136213025e-05,1.65038779911031e-05,1.33104490179621e-05
"40","Active Cephs",79.4328234724282,9.79114634197025e-06,1.09078108275873e-05,8.76293449420466e-06
"41","Active Cephs",100,5.28997244420255e-06,5.92039986155811e-06,4.71520172118516e-06
"42","Active Cephs",125.892541179417,2.87211519555829e-06,3.228385579705e-06,2.55017644599508e-06
"43","Active Cephs",158.489319246111,1.57163616041819e-06,1.77397590311286e-06,1.39030608713248e-06
"44","Active Cephs",199.526231496888,8.68913952714474e-07,9.84758450810433e-07,7.65919832114617e-07
"45","Active Cephs",251.188643150958,4.86324556974303e-07,5.53334548617954e-07,4.27206501771717e-07
"46","Active Cephs",316.227766016838,2.75947751135269e-07,3.15170626170526e-07,2.41604916196799e-07
"47","Active Cephs",398.107170553497,1.58889345202538e-07,1.82142454666949e-07,1.38679288976239e-07
"48","Active Cephs",501.187233627271,9.28867157013632e-08,1.06855437764464e-07,8.08329713759329e-08
"49","Active Cephs",630.957344480194,5.51378880071638e-08,6.36410030520876e-08,4.78511299451514e-08
"50","Active Cephs",794.328234724282,3.32245814590073e-08,3.84677198162874e-08,2.87610644862064e-08
"51","Active Cephs",1000,2.03082502607082e-08,2.35806645141024e-08,1.75397202666798e-08
"52","Active Cephs",1258.92541179417,1.25763402960607e-08,1.46410835603056e-08,1.0839605595127e-08
"53","Active Cephs",1584.89319246111,7.87517702426509e-09,9.18962110488233e-09,6.77538331003355e-09
"54","Active Cephs",1995.26231496888,4.97145178579116e-09,5.81323438038157e-09,4.27046960318861e-09
"55","Active Cephs",2511.88643150958,3.14904085159375e-09,3.68881755014404e-09,2.70141773786863e-09
"56","Active Cephs",3162.27766016838,1.98631403451603e-09,2.33027965915894e-09,1.70208373456266e-09
"57","Active Cephs",3981.07170553497,1.2315995967825e-09,1.44663876669311e-09,1.05442498009065e-09
"58","Active Cephs",5011.87233627272,7.32639493575724e-10,8.61380432286338e-10,6.26811719449678e-10
"59","Active Cephs",6309.57344480194,3.96101647423248e-10,4.66032211177612e-10,3.38715003777983e-10
"60","Active Cephs",7943.28234724279,1.64035413375178e-10,1.93086051553022e-10,1.40222849334345e-10
"61","Fish",0.001,1.20476038081257,1.33501563905722,1.08896599135664
"62","Fish",0.00125892541179417,0.938379094329139,1.03008649599515,0.855457351065709
"63","Fish",0.00158489319246111,0.753240433748915,0.818623568589427,0.692755456676336
"64","Fish",0.00199526231496888,0.619084514418772,0.66605667761958,0.574494492100283
"65","Fish",0.00251188643150958,0.518652560195495,0.552467509913808,0.485624203420494
"66","Fish",0.00316227766016838,0.441466012262068,0.465681570399416,0.417018141447332
"67","Fish",0.00398107170553497,0.380785913635486,0.397859041446478,0.362831480932014
"68","Fish",0.00501187233627272,0.332064183875774,0.343730974501884,0.319130991918542
"69","Fish",0.00630957344480194,0.292106875529378,0.299628968892778,0.283139368191335
"70","Fish",0.00794328234724282,0.258587775865781,0.26291320375237,0.252796461830868
"71","Fish",0.01,0.229747828834072,0.231617642420221,0.226498142121094
"72","Fish",0.0125892541179417,0.204211730234231,0.204234260813321,0.202949184459331
"73","Fish",0.0158489319246111,0.18089860981565,0.181105496785483,0.179604859917969
"74","Fish",0.0199526231496888,0.159015693346856,0.160193382675114,0.156898601156112
"75","Fish",0.0251188643150958,0.138107004456841,0.139779963847131,0.13563694962136
"76","Fish",0.0316227766016838,0.118098716653177,0.119840176521784,0.115706052498215
"77","Fish",0.0398107170553497,0.0992710187948541,0.100748310857914,0.0972986078955357
"78","Fish",0.0501187233627271,0.0821180611932179,0.0831413563679013,0.0807665972677197
"79","Fish",0.0630957344480194,0.0671213977839193,0.0676622700036681,0.0664229681601492
"80","Fish",0.0794328234724282,0.0545229687377056,0.0546757222834807,0.0543691638932014
"81","Fish",0.1,0.0442097687694016,0.0444271057748754,0.0441099996308117
"82","Fish",0.125892541179417,0.0357828067797635,0.0362126816533588,0.0355371275900844
"83","Fish",0.158489319246111,0.0287676567630308,0.0293061369142719,0.0284353334015697
"84","Fish",0.199526231496888,0.0228151269458515,0.0234050492479287,0.0224291254384686
"85","Fish",0.251188643150958,0.0177630227440821,0.0183671645814034,0.017351273088733
"86","Fish",0.316227766016838,0.0135655834919217,0.0141501806180168,0.0131552427730932
"87","Fish",0.398107170553497,0.0101909132193889,0.0107254123326778,0.00980455464489198
"88","Fish",0.501187233627271,0.00756556012317841,0.00802856068600391,0.00721891453078318
"89","Fish",0.630957344480194,0.00557607309385892,0.00595844367041442,0.00527801796847085
"90","Fish",0.794328234724282,0.00409597606613558,0.0043993829177391,0.00384917190623773
"91","Fish",1,0.00300850754104837,0.00324160121252152,0.00281057268065216
"92","Fish",1.25892541179417,0.00221617781575385,0.00239074156882258,0.00206147456016878
"93","Fish",1.58489319246111,0.00164165873335731,0.00176981674452643,0.00152315101960691
"94","Fish",1.99526231496888,0.00122556074716509,0.00131820515783367,0.00113619133464752
"95","Fish",2.51188643150958,0.000923497821073583,0.000989655367172742,0.000856947028044176
"96","Fish",3.16227766016838,0.000703063375337921,0.000749833689762162,0.000654038180296078
"97","Fish",3.98107170553497,0.000540998253281843,0.000573772025618782,0.000505249816948881
"98","Fish",5.01187233627271,0.000420776521552824,0.000443550427769641,0.000394988904817513
"99","Fish",6.30957344480194,0.00033070600070056,0.000346396764380992,0.000312338807131987
"100","Fish",7.94328234724282,0.000262514438005034,0.000273228966389087,0.000249642624500828
"101","Fish",10,0.000210331393155602,0.000217580980510391,0.000201502635106988
"102","Fish",12.5892541179417,0.000169967833908925,0.000174829956888559,0.000164085194349727
"103","Fish",15.8489319246111,0.000138410883041292,0.000141648221881721,0.000134641991933976
"104","Fish",19.9526231496888,0.000113471867075573,0.0001156190744872,0.000111182552112438
"105","Fish",25.1188643150958,9.35439009969685e-05,9.49710090003317e-05,9.22523084323031e-05
"106","Fish",31.6227766016838,7.74377616196218e-05,7.83967268433732e-05,7.67836411723501e-05
"107","Fish",39.8107170553497,6.427186093573e-05,6.493072114745e-05,6.39950693552019e-05
"108","Fish",50.1187233627271,5.33964634490539e-05,5.38643201034499e-05,5.33194353980673e-05
"109","Fish",63.0957344480194,4.43481239656145e-05,4.46824744106717e-05,4.43371629667572e-05
"110","Fish",79.4328234724282,3.67851146044469e-05,3.70129883062319e-05,3.67489343298227e-05
"111","Fish",100,3.04097821057969e-05,3.05847118488866e-05,3.03779066133734e-05
"112","Fish",125.892541179417,2.50492169154299e-05,2.5194510799824e-05,2.50311680995682e-05
"113","Fish",158.489319246111,2.05600384828428e-05,2.06833165482055e-05,2.05551414754353e-05
"114","Fish",199.526231496888,1.6821818339562e-05,1.69205116629177e-05,1.68181004836313e-05
"115","Fish",251.188643150958,1.37210069269392e-05,1.3794827489949e-05,1.3713582479963e-05
"116","Fish",316.227766016838,1.11564219397969e-05,1.12095587982443e-05,1.1149047604719e-05
"117","Fish",398.107170553497,9.04380196286305e-06,9.08019394277433e-06,9.03871937956381e-06
"118","Fish",501.187233627271,7.30986127953353e-06,7.33315024096307e-06,7.30799673166412e-06
"119","Fish",630.957344480194,5.89280500410912e-06,5.90487698262677e-06,5.89144852250126e-06
"120","Fish",794.328234724282,4.73871372326796e-06,4.74099815412695e-06,4.73466694647567e-06
"121","Fish",1000,3.79540182727404e-06,3.79989442034299e-06,3.79391543913665e-06
"122","Fish",1258.92541179417,3.03089138901009e-06,3.03802313840189e-06,3.02928976063821e-06
"123","Fish",1584.89319246111,2.41361218617081e-06,2.42121399579731e-06,2.41023271864479e-06
"124","Fish",1995.26231496888,1.91550005818282e-06,1.92303845369695e-06,1.91127414692068e-06
"125","Fish",2511.88643150958,1.51455628206552e-06,1.52165637305695e-06,1.51011050618119e-06
"126","Fish",3162.27766016838,1.19263472977883e-06,1.19906476832893e-06,1.18836191375939e-06
"127","Fish",3981.07170553497,9.34813773984079e-07,9.40458226328744e-07,9.30935746641893e-07
"128","Fish",5011.87233627272,7.28859426121401e-07,7.33689237263317e-07,7.25479005719968e-07
"129","Fish",6309.57344480194,5.64769883924122e-07,5.68814957772458e-07,5.61911685779853e-07
"130","Fish",7943.28234724279,4.34391102119965e-07,4.37717405820588e-07,4.3203204404961e-07
"131","Fish",10000,3.31730316924982e-07,3.34427494648577e-07,3.29817681400267e-07
"132","Fish",12589.2541179417,2.54074662749341e-07,2.56236796701342e-07,2.52544394353086e-07
"133","Fish",15848.9319246111,1.95090770267833e-07,1.96808910009605e-07,1.93878357551314e-07
"134","Fish",19952.6231496888,1.50118668397285e-07,1.51474761715434e-07,1.49165111473259e-07
"135","Fish",25118.8643150957,1.15710139313446e-07,1.16774771074679e-07,1.14964336287121e-07
"136","Fish",31622.7766016838,8.92997960819361e-08,9.013201666439e-08,8.87189865008049e-08
"137","Fish",39810.7170553499,6.8969232313897e-08,6.96174414357527e-08,6.85184635007001e-08
"138","Fish",50118.7233627271,5.32768654140132e-08,5.37801463360097e-08,5.29280360176833e-08
"139","Fish",63095.7344480194,4.11344435492349e-08,4.15240080898762e-08,4.08652299400926e-08
"140","Fish",79432.8234724279,3.17169021264353e-08,3.20174681384858e-08,3.15097255667597e-08
"141","Fish",1e+05,2.43961945715831e-08,2.46272130044314e-08,2.42373015142455e-08
"142","Fish",125892.541179417,1.86924549842183e-08,1.88691582199479e-08,1.85711350150939e-08
"143","Fish",158489.319246111,1.42377587085794e-08,1.43720313840123e-08,1.41456993725186e-08
"144","Fish",199526.231496888,1.07490881399819e-08,1.08501762059647e-08,1.06798538012995e-08
"145","Fish",251188.643150957,8.00805935315573e-09,8.0831389654373e-09,7.95667661657486e-09
"146","Fish",316227.766016838,5.84563918820175e-09,5.90026804579111e-09,5.80827080278435e-09
"147","Fish",398107.170553499,4.13056385650879e-09,4.16903614270169e-09,4.10425441510945e-09
"148","Fish",501187.233627271,2.76051539657593e-09,2.78613890937456e-09,2.74299436613759e-09
"149","Fish",630957.344480194,1.65536076637163e-09,1.67067192500115e-09,1.64489080469243e-09
"150","Fish",794328.234724279,7.51937590417682e-10,7.58867184370743e-10,7.47198400207898e-10
"151","Inactive Cephs",0.01,0.103630704347679,0.113510231464535,0.0928659874053237
"152","Inactive Cephs",0.0125892541179417,0.0920766908263786,0.101666707936734,0.0818598437393726
"153","Inactive Cephs",0.0158489319246111,0.0815385173494046,0.0906916853583212,0.0719667454470232
"154","Inactive Cephs",0.0199526231496888,0.0716506206877606,0.0801893017801986,0.0628493172019908
"155","Inactive Cephs",0.0251188643150958,0.0622087297901412,0.0699446548358142,0.0543166840409478
"156","Inactive Cephs",0.0316227766016838,0.0531806236843007,0.0599468151792117,0.0463237740987004
"157","Inactive Cephs",0.0398107170553497,0.0446925965930177,0.0503835662299027,0.038947435356044
"158","Inactive Cephs",0.0501187233627271,0.0369659337990308,0.0415723949184713,0.0323272746411821
"159","Inactive Cephs",0.0630957344480194,0.0302150785272236,0.0338321131965461,0.0265865597795383
"160","Inactive Cephs",0.0794328234724282,0.0245461332305077,0.0273414937014351,0.0217637759991784
"161","Inactive Cephs",0.1,0.0199058531974057,0.0220614830033247,0.017786007265242
"162","Inactive Cephs",0.125892541179417,0.0161133747586272,0.0177763287355828,0.0144987213189916
"163","Inactive Cephs",0.158489319246111,0.0129550780571086,0.0142249947174826,0.0117339438443609
"164","Inactive Cephs",0.199526231496888,0.0102744059220515,0.011220507012341,0.00937110952428234
"165","Inactive Cephs",0.251188643150958,0.00799900702532771,0.00868006927671519,0.00735375932282744
"166","Inactive Cephs",0.316227766016838,0.00610861657301875,0.00658083975098348,0.0056652005052146
"167","Inactive Cephs",0.398107170553497,0.00458890377374884,0.00490463883594523,0.00429396715234044
"168","Inactive Cephs",0.501187233627271,0.00340670367888563,0.00361122176656131,0.00321424479644384
"169","Inactive Cephs",0.630957344480194,0.00251085459221339,0.00264033572966848,0.0023854639480449
"170","Inactive Cephs",0.794328234724282,0.00184437772227816,0.0019255785927241,0.00176128868960273
"171","Inactive Cephs",1,0.00135469543484798,0.00140602402081173,0.00129776682516998
"172","Inactive Cephs",1.25892541179417,0.000997912637144838,0.00103128434424502,0.000957123664323439
"173","Inactive Cephs",1.58489319246111,0.000739210228563313,0.000761982561419024,0.00070853700602982
"174","Inactive Cephs",1.99526231496888,0.000551844988348985,0.000568400588676548,0.000527735851290738
"175","Inactive Cephs",2.51188643150958,0.000415829514206423,0.000428703821092802,0.000396202596369274
"176","Inactive Cephs",3.16227766016838,0.000316570977924466,0.000327194558171516,0.000300191394238992
"177","Inactive Cephs",3.98107170553497,0.000243595759708057,0.000252759718329623,0.000229706159669942
"178","Inactive Cephs",5.01187233627271,0.000189462111286278,0.000197598656094687,0.00017757251548109
"179","Inactive Cephs",6.30957344480194,0.000148904406673105,0.000156249529867378,0.000138676573220116
"180","Inactive Cephs",7.94328234724282,0.000118195374623673,0.000124879418230266,0.000109380288119307
"181","Inactive Cephs",10,9.46849573996554e-05,0.000100780813493301,8.70890609099649e-05
"182","Inactive Cephs",12.5892541179417,7.64708864826896e-05,8.20182384026924e-05,6.99379034376242e-05
"183","Inactive Cephs",15.8489319246111,6.21643912575637e-05,6.71810504250134e-05,5.65660874457112e-05
"184","Inactive Cephs",19.9526231496888,5.0726750596816e-05,5.52139383745836e-05,4.59589410594831e-05
"185","Inactive Cephs",25.1188643150958,4.13631989520173e-05,4.53094505842582e-05,3.73439844368292e-05
"186","Inactive Cephs",31.6227766016838,3.34648530036124e-05,3.68516509580776e-05,3.01321303761238e-05
"187","Inactive Cephs",39.8107170553497,2.6585218735821e-05,2.93953313011505e-05,2.38915069794325e-05
"188","Inactive Cephs",50.1187233627271,2.04311809347826e-05,2.26581224792091e-05,1.83359942853791e-05
"189","Inactive Cephs",63.0957344480194,1.48484136213025e-05,1.65038779911031e-05,1.33104490179621e-05
"190","Inactive Cephs",79.4328234724282,9.79114634197025e-06,1.09078108275873e-05,8.76293449420466e-06
"191","Inactive Cephs",100,5.28997244420255e-06,5.92039986155811e-06,4.71520172118516e-06
"192","Inactive Cephs",125.892541179417,2.87211519555829e-06,3.228385579705e-06,2.55017644599508e-06
"193","Inactive Cephs",158.489319246111,1.57163616041819e-06,1.77397590311286e-06,1.39030608713248e-06
"194","Inactive Cephs",199.526231496888,8.68913952714474e-07,9.84758450810433e-07,7.65919832114617e-07
"195","Inactive Cephs",251.188643150958,4.86324556974303e-07,5.53334548617954e-07,4.27206501771717e-07
"196","Inactive Cephs",316.227766016838,2.75947751135269e-07,3.15170626170526e-07,2.41604916196799e-07
"197","Inactive Cephs",398.107170553497,1.58889345202538e-07,1.82142454666949e-07,1.38679288976239e-07
"198","Inactive Cephs",501.187233627271,9.28867157013632e-08,1.06855437764464e-07,8.08329713759329e-08
"199","Inactive Cephs",630.957344480194,5.51378880071638e-08,6.36410030520876e-08,4.78511299451514e-08
"200","Inactive Cephs",794.328234724282,3.32245814590073e-08,3.84677198162874e-08,2.87610644862064e-08
"201","Inactive Cephs",1000,2.03082502607082e-08,2.35806645141024e-08,1.75397202666798e-08
"202","Inactive Cephs",1258.92541179417,1.25763402960607e-08,1.46410835603056e-08,1.0839605595127e-08
"203","Inactive Cephs",1584.89319246111,7.87517702426509e-09,9.18962110488233e-09,6.77538331003355e-09
"204","Inactive Cephs",1995.26231496888,4.97145178579116e-09,5.81323438038157e-09,4.27046960318861e-09
"205","Inactive Cephs",2511.88643150958,3.14904085159375e-09,3.68881755014404e-09,2.70141773786863e-09
"206","Inactive Cephs",3162.27766016838,1.98631403451603e-09,2.33027965915894e-09,1.70208373456266e-09
"207","Inactive Cephs",3981.07170553497,1.2315995967825e-09,1.44663876669311e-09,1.05442498009065e-09
"208","Inactive Cephs",5011.87233627272,7.32639493575724e-10,8.61380432286338e-10,6.26811719449678e-10
"209","Inactive Cephs",6309.57344480194,3.96101647423248e-10,4.66032211177612e-10,3.38715003777983e-10
"210","Inactive Cephs",7943.28234724279,1.64035413375178e-10,1.93086051553022e-10,1.40222849334345e-10
"211","Zooplankton",5.01187233627271e-13,3341950400.26115,3341950400.26115,3341950400.26115
"212","Zooplankton",6.30957344480192e-13,1826484850.41111,1830448411.53225,1825791970.26086
"213","Zooplankton",7.94328234724279e-13,1108703059.52167,1112297408.42894,1108495453.65136
"214","Zooplankton",1e-12,730580810.154116,732559349.854587,729703105.691056
"215","Zooplankton",1.25892541179417e-12,511483432.226269,512353939.260135,510360851.621551
"216","Zooplankton",1.58489319246111e-12,374353198.597853,374650268.052481,373272314.139915
"217","Zooplankton",1.99526231496887e-12,283158819.068466,283243703.057993,282255474.477414
"218","Zooplankton",2.51188643150957e-12,219610546.301847,219680029.59865,218918199.58486
"219","Zooplankton",3.16227766016838e-12,173710748.198782,173845356.773549,173206371.73581
"220","Zooplankton",3.98107170553497e-12,139626306.707952,139836627.931586,139263319.284578
"221","Zooplankton",5.01187233627271e-12,113755273.766254,114018642.808009,113484745.342365
"222","Zooplankton",6.30957344480192e-12,93762345.8437413,94049075.4340038,93545296.76392
"223","Zooplankton",7.94328234724279e-12,78070784.8569198,78360028.4747628,77883955.7428231
"224","Zooplankton",1e-11,65581890.3980666,65867823.9098796,65418700.5203503
"225","Zooplankton",1.25892541179417e-11,55512892.6773652,55803071.5488086,55380787.236088
"226","Zooplankton",1.58489319246111e-11,47298270.4131897,47607207.6185926,47213438.3032827
"227","Zooplankton",1.99526231496887e-11,40525849.4815761,40867333.6805197,40506433.1727376
"228","Zooplankton",2.51188643150957e-11,34951997.7999643,35273835.8732533,34892732.0333356
"229","Zooplankton",3.16227766016838e-11,30314572.168472,30591775.9869139,30173426.5849015
"230","Zooplankton",3.98107170553497e-11,26410359.1789563,26640674.0320048,26196353.7634447
"231","Zooplankton",5.01187233627271e-11,23093805.8701341,23279603.8785403,22826734.621758
"232","Zooplankton",6.30957344480192e-11,20248650.0273268,20396102.2682679,19954685.8054636
"233","Zooplankton",7.94328234724279e-11,17781684.5621056,17898336.7659651,17487690.3722478
"234","Zooplankton",1e-10,15618142.6404145,15710265.9399716,15346686.6287701
"235","Zooplankton",1.25892541179417e-10,13698314.7637302,13769302.4961809,13464860.1861203
"236","Zooplankton",1.58489319246111e-10,11975317.5277165,12025606.3198781,11787946.5256916
"237","Zooplankton",1.99526231496887e-10,10413778.883146,10441945.3219839,10274719.2967245
"238","Zooplankton",2.51188643150957e-10,8988896.09165006,8993220.5242771,8896613.04718729
"239","Zooplankton",3.16227766016838e-10,7665165.31453078,7685261.0543481,7636099.2702816
"240","Zooplankton",3.98107170553497e-10,6484157.35073962,6495149.58444159,6452178.65611864
"241","Zooplankton",5.01187233627271e-10,5416380.47965534,5437531.16987247,5354553.86350683
"242","Zooplankton",6.30957344480192e-10,4450036.49935974,4496295.8128054,4375471.47217889
"243","Zooplankton",7.94328234724279e-10,3598254.13340958,3661842.14837144,3518123.38208086
"244","Zooplankton",1e-09,2862177.866362,2935136.66689257,2783330.55151386
"245","Zooplankton",1.25892541179417e-09,2240245.03681534,2315210.43080745,2168004.62810434
"246","Zooplankton",1.58489319246111e-09,1727126.95971874,1798084.97534001,1664688.08263988
"247","Zooplankton",1.99526231496887e-09,1313633.10639141,1376431.44222951,1262147.99148821
"248","Zooplankton",2.51188643150957e-09,987586.415641544,1040059.91633943,946704.447476208
"249","Zooplankton",3.16227766016838e-09,735298.080073742,777014.722948531,703812.597205584
"250","Zooplankton",3.98107170553497e-09,543094.727627675,574859.203327543,519459.609361611
"251","Zooplankton",5.01187233627271e-09,398470.781464102,421771.851312244,381121.275739838
"252","Zooplankton",6.30957344480194e-09,290710.809761877,307259.32446901,278228.666644498
"253","Zooplankton",7.94328234724279e-09,211054.231858229,222477.023451032,202237.539090018
"254","Zooplankton",1e-08,152569.102426645,160252.990682322,146448.419466059
"255","Zooplankton",1.25892541179417e-08,109890.519912755,114935.025329048,105714.2172622
"256","Zooplankton",1.58489319246111e-08,78927.150268787,82159.8204392242,76130.206142259
"257","Zooplankton",1.99526231496888e-08,56589.7366769629,58608.9680256049,54756.7637034833
"258","Zooplankton",2.51188643150958e-08,40562.3602609672,41786.6775902077,39392.5823521892
"259","Zooplankton",3.16227766016838e-08,29119.3685410531,29833.0554881658,28397.6239514911
"260","Zooplankton",3.98107170553497e-08,20983.0000160096,21374.3287943015,20557.5479273193
"261","Zooplankton",5.01187233627271e-08,15214.1785914764,15405.4016042372,14980.1191519114
"262","Zooplankton",6.30957344480193e-08,11128.9486867349,11198.4390728304,11015.6037707969
"263","Zooplankton",7.9432823472428e-08,8231.82897066961,8234.22167323563,8195.28389463811
"264","Zooplankton",1e-07,6178.14681861315,6184.02319243477,6135.27471414533
"265","Zooplankton",1.25892541179417e-07,4711.91179719879,4744.02106448213,4647.93802021017
"266","Zooplankton",1.58489319246111e-07,3660.76157647093,3707.56098855048,3587.17768374097
"267","Zooplankton",1.99526231496888e-07,2902.49081166204,2956.89350468682,2825.69817878527
"268","Zooplankton",2.51188643150958e-07,2351.84428133678,2409.61632898116,2275.11726752586
"269","Zooplankton",3.16227766016838e-07,1949.39814430682,2008.15929198034,1874.24900277404
"270","Zooplankton",3.98107170553497e-07,1653.70814174267,1712.27092400077,1580.7729053884
"271","Zooplankton",5.01187233627271e-07,1435.78361262398,1493.68552059708,1365.3310855894
"272","Zooplankton",6.30957344480193e-07,1275.2083717971,1332.3726272753,1207.38266718748
"273","Zooplankton",7.94328234724281e-07,1157.43080158397,1213.92536817434,1092.32923140544
"274","Zooplankton",1e-06,1071.88264771655,1127.75670914483,1009.54056011151
"275","Zooplankton",1.25892541179417e-06,1010.68587658359,1065.87315501771,951.00625418985
"276","Zooplankton",1.58489319246111e-06,967.792520935957,1022.08831084367,910.440223371535
"277","Zooplankton",1.99526231496888e-06,938.470820204344,991.602085109569,882.755919329794
"278","Zooplankton",2.51188643150958e-06,919.077440262352,970.874358990181,863.871505933201
"279","Zooplankton",3.16227766016838e-06,907.01754657999,957.650107953176,850.766535697624
"280","Zooplankton",3.98107170553497e-06,900.701550437323,950.875596980677,841.60428564613
"281","Zooplankton",5.01187233627271e-06,899.227510299803,950.183238681731,835.622283477345
"282","Zooplankton",6.30957344480193e-06,901.580699595327,954.774559230627,832.502283342715
"283","Zooplankton",7.9432823472428e-06,905.463289281042,961.984306031877,831.195494495632
"284","Zooplankton",1e-05,906.368417324945,966.358933107918,828.695894578401
"285","Zooplankton",1.25892541179417e-05,897.774473739408,960.179077664336,819.694858397063
"286","Zooplankton",1.58489319246111e-05,872.838985888086,935.562598565294,797.831820531281
"287","Zooplankton",1.99526231496888e-05,826.809755027417,887.043505768648,758.145350679619
"288","Zooplankton",2.51188643150958e-05,758.626528704776,813.127693641458,699.140118309874
"289","Zooplankton",3.16227766016838e-05,670.919105955548,716.428503532254,623.051608323413
"290","Zooplankton",3.98107170553497e-05,569.161639321237,603.262395754911,534.615805405193
"291","Zooplankton",5.01187233627271e-05,461.075964334664,483.211989873091,439.952639970502
"292","Zooplankton",6.30957344480192e-05,355.98070637604,367.775714763047,346.229437631678
"293","Zooplankton",7.94328234724282e-05,262.933533143423,267.379830915579,260.958140500328
"294","Zooplankton",1e-04,188.050791424567,190.02024506876,187.911061713908
"295","Zooplankton",0.000125892541179417,132.035007335607,135.604629745648,130.099305699222
"296","Zooplankton",0.000158489319246111,92.3095372401034,95.9940669013848,89.6219012734326
"297","Zooplankton",0.000199526231496887,64.1236938437058,67.4095081020988,61.3976510355824
"298","Zooplankton",0.000251188643150958,43.5687692085102,46.2849600574378,41.1856627756419
"299","Zooplankton",0.000316227766016838,28.3332888477217,30.4175523771866,26.4753313498253
"300","Zooplankton",0.000398107170553497,17.3182887986153,18.7797447673733,16.0181277306391
"301","Zooplankton",0.000501187233627271,9.85194094345709,10.7775107764281,9.03369623837098
"302","Zooplankton",0.000630957344480192,5.21002237939479,5.73833056597246,4.74471813455926
"303","Zooplankton",0.000794328234724282,2.57654492095054,2.85013093990183,2.33519272591095
"304","Zooplankton",0.001,1.20476038081257,1.33501563905722,1.08896599135664
"305","Zooplankton",0.00125892541179417,0.540229490290696,0.598254275277228,0.487945753042152
"306","Zooplankton",0.00158489319246111,0.2359735557919,0.260627393790401,0.213328682111126
"307","Zooplankton",0.00199526231496888,0.102000393918987,0.11217251382144,0.0924126179918468
"308","Zooplankton",0.00251188643150958,0.0442798486544961,0.0484122035523493,0.0402454237751015
"309","Zooplankton",0.00316227766016838,0.0195537547308654,0.0212182469732115,0.0178470662301934
"310","Zooplankton",0.00398107170553497,0.00887206577474703,0.00953533672826923,0.00814319205556349
"311","Zooplankton",0.00501187233627272,0.00416448454143583,0.00442211746310613,0.00385163030681699
"312","Zooplankton",0.00630957344480194,0.00203002161065573,0.00212404671336169,0.00189694327682716
"313","Zooplankton",0.00794328234724282,0.00102915572178885,0.00105836110756332,0.000974596947290519
"314","Zooplankton",0.01,0.000542625271881087,0.000547326093088364,0.000522320807976515
"315","Zooplankton",0.0125892541179417,0.000293775194622974,0.000297342053485812,0.000291674903355527
"316","Zooplankton",0.0158489319246111,0.000169190206197768,0.000169444486484595,0.000163652176045331
"317","Zooplankton",0.0199526231496888,9.98859786408036e-05,0.000102240030661316,9.46119163428873e-05
"318","Zooplankton",0.0251188643150958,6.11380214346929e-05,6.39770971246351e-05,5.6756149508471e-05
"319","Zooplankton",0.0316227766016838,3.87633487739138e-05,4.14587546705511e-05,3.5310776656692e-05
"320","Zooplankton",0.0398107170553497,2.54297660330457e-05,2.77813203142879e-05,2.27612135187222e-05
"321","Zooplankton",0.0501187233627271,1.72349349454383e-05,1.92180180174035e-05,1.51772662977153e-05
"322","Zooplankton",0.0630957344480194,1.20440171135238e-05,1.3697295859368e-05,1.04469846268078e-05
"323","Zooplankton",0.0794328234724282,8.65807444765509e-06,1.00359048840964e-05,7.40491213209856e-06
"324","Zooplankton",0.1,6.38653341496537e-06,7.54059171965884e-06,5.39073267553072e-06
"325","Zooplankton",0.125892541179417,4.82168707958577e-06,5.79533206257955e-06,4.02034980040699e-06
"326","Zooplankton",0.158489319246111,3.71687764656156e-06,4.54466561330358e-06,3.06436867908556e-06
"327","Zooplankton",0.199526231496888,2.91919604795554e-06,3.62816392523257e-06,2.38213257285438e-06
"328","Zooplankton",0.251188643150958,2.33150836922358e-06,2.94279824818143e-06,1.88512705404772e-06
"329","Zooplankton",0.316227766016838,1.8905978776516e-06,2.42089162258483e-06,1.51623494097851e-06
"330","Zooplankton",0.398107170553497,1.55433976697154e-06,2.01696577342817e-06,1.23771850358374e-06
"331","Zooplankton",0.501187233627271,1.29403171885555e-06,1.69976427828946e-06,1.02410021341418e-06
"332","Zooplankton",0.630957344480194,1.08971681870243e-06,1.44733912832065e-06,8.57845683637408e-07
"333","Zooplankton",0.794328234724282,9.27254835506724e-07,1.24395570296813e-06,7.26668203756482e-07
"334","Zooplankton",1,5.97200367732649e-07,8.13223865980463e-07,4.62687434461743e-07
"335","Zooplankton",1.25892541179417,3.87793056072598e-07,5.37258841691971e-07,2.96267300925716e-07
"336","Zooplankton",1.58489319246111,2.50327355684847e-07,3.53281086484759e-07,1.88300323360343e-07
"337","Zooplankton",1.99526231496888,1.58585569032089e-07,2.28093821076507e-07,1.17377702711458e-07
"338","Zooplankton",2.51188643150958,9.75959374516674e-08,1.43044138388988e-07,7.10845917699142e-08
"339","Zooplankton",3.16227766016838,5.79212080902489e-08,8.64535939901139e-08,4.15447589572447e-08
"340","Zooplankton",3.98107170553497,3.29929645026124e-08,5.00964475543819e-08,2.33311440437084e-08
"341","Zooplankton",5.01187233627271,1.79849083148848e-08,2.77439114184826e-08,1.25554215405911e-08
"342","Zooplankton",6.30957344480194,9.36186211733185e-09,1.46534179168259e-08,6.45970123103244e-09
"343","Zooplankton",7.94328234724282,4.64225945489686e-09,7.36495685305474e-09,3.16871318823558e-09
"344","Zooplankton",10,2.18523951529834e-09,3.51152254630858e-09,1.47628853422238e-09
"345","Zooplankton",12.5892541179417,9.71795333550463e-10,1.5810182963645e-09,6.4994190041662e-10
"346","Zooplankton",15.8489319246111,4.0584310720313e-10,6.68251313153121e-10,2.68770567617501e-10
"347","Zooplankton",19.9526231496888,1.58109888848768e-10,2.63374266752566e-10,1.03723734545992e-10
"348","Zooplankton",25.1188643150958,5.70715627482384e-11,9.61121777308592e-11,3.71135674553018e-11
"349","Zooplankton",31.6227766016838,1.89615535061865e-11,3.22525904974538e-11,1.22352479871458e-11
"350","Zooplankton",39.8107170553497,5.76259460115855e-12,9.88815609113737e-12,3.69423097510269e-12
"351","Zooplankton",50.1187233627271,1.59263775361307e-12,2.75304206971494e-12,1.01578333050157e-12
"352","Zooplankton",63.0957344480194,3.9808580769092e-13,6.92177243509916e-13,2.52976787667773e-13
"353","Zooplankton",79.4328234724282,8.95142873595752e-14,1.56318453798841e-13,5.67622686042638e-14
