"","Predator","Predator_Size_Class","Predator_Size","Median_RTP","Max_RTP","Min_RTP","Func_Group"
"1","Active Cephs",1,5.01187233627271e-13,NA,NA,NA,"High Activity"
"2","Active Cephs",2,6.30957344480192e-13,NA,NA,NA,"High Activity"
"3","Active Cephs",3,7.94328234724279e-13,NA,NA,NA,"High Activity"
"4","Active Cephs",4,1e-12,NA,NA,NA,"High Activity"
"5","Active Cephs",5,1.25892541179417e-12,NA,NA,NA,"High Activity"
"6","Active Cephs",6,1.58489319246111e-12,NA,NA,NA,"High Activity"
"7","Active Cephs",7,1.99526231496887e-12,NA,NA,NA,"High Activity"
"8","Active Cephs",8,2.51188643150957e-12,NA,NA,NA,"High Activity"
"9","Active Cephs",9,3.16227766016838e-12,NA,NA,NA,"High Activity"
"10","Active Cephs",10,3.98107170553497e-12,NA,NA,NA,"High Activity"
"11","Active Cephs",11,5.01187233627271e-12,NA,NA,NA,"High Activity"
"12","Active Cephs",12,6.30957344480192e-12,NA,NA,NA,"High Activity"
"13","Active Cephs",13,7.94328234724279e-12,NA,NA,NA,"High Activity"
"14","Active Cephs",14,1e-11,NA,NA,NA,"High Activity"
"15","Active Cephs",15,1.25892541179417e-11,NA,NA,NA,"High Activity"
"16","Active Cephs",16,1.58489319246111e-11,NA,NA,NA,"High Activity"
"17","Active Cephs",17,1.99526231496887e-11,NA,NA,NA,"High Activity"
"18","Active Cephs",18,2.51188643150957e-11,NA,NA,NA,"High Activity"
"19","Active Cephs",19,3.16227766016838e-11,NA,NA,NA,"High Activity"
"20","Active Cephs",20,3.98107170553497e-11,NA,NA,NA,"High Activity"
"21","Active Cephs",21,5.01187233627271e-11,NA,NA,NA,"High Activity"
"22","Active Cephs",22,6.30957344480192e-11,NA,NA,NA,"High Activity"
"23","Active Cephs",23,7.94328234724279e-11,NA,NA,NA,"High Activity"
"24","Active Cephs",24,1e-10,NA,NA,NA,"High Activity"
"25","Active Cephs",25,1.25892541179417e-10,NA,NA,NA,"High Activity"
"26","Active Cephs",26,1.58489319246111e-10,NA,NA,NA,"High Activity"
"27","Active Cephs",27,1.99526231496887e-10,NA,NA,NA,"High Activity"
"28","Active Cephs",28,2.51188643150957e-10,NA,NA,NA,"High Activity"
"29","Active Cephs",29,3.16227766016838e-10,NA,NA,NA,"High Activity"
"30","Active Cephs",30,3.98107170553497e-10,NA,NA,NA,"High Activity"
"31","Active Cephs",31,5.01187233627271e-10,NA,NA,NA,"High Activity"
"32","Active Cephs",32,6.30957344480192e-10,NA,NA,NA,"High Activity"
"33","Active Cephs",33,7.94328234724279e-10,NA,NA,NA,"High Activity"
"34","Active Cephs",34,1e-09,NA,NA,NA,"High Activity"
"35","Active Cephs",35,1.25892541179417e-09,NA,NA,NA,"High Activity"
"36","Active Cephs",36,1.58489319246111e-09,NA,NA,NA,"High Activity"
"37","Active Cephs",37,1.99526231496887e-09,NA,NA,NA,"High Activity"
"38","Active Cephs",38,2.51188643150957e-09,NA,NA,NA,"High Activity"
"39","Active Cephs",39,3.16227766016838e-09,NA,NA,NA,"High Activity"
"40","Active Cephs",40,3.98107170553497e-09,NA,NA,NA,"High Activity"
"41","Active Cephs",41,5.01187233627271e-09,NA,NA,NA,"High Activity"
"42","Active Cephs",42,6.30957344480194e-09,NA,NA,NA,"High Activity"
"43","Active Cephs",43,7.94328234724279e-09,NA,NA,NA,"High Activity"
"44","Active Cephs",44,1e-08,NA,NA,NA,"High Activity"
"45","Active Cephs",45,1.25892541179417e-08,NA,NA,NA,"High Activity"
"46","Active Cephs",46,1.58489319246111e-08,NA,NA,NA,"High Activity"
"47","Active Cephs",47,1.99526231496888e-08,NA,NA,NA,"High Activity"
"48","Active Cephs",48,2.51188643150958e-08,NA,NA,NA,"High Activity"
"49","Active Cephs",49,3.16227766016838e-08,NA,NA,NA,"High Activity"
"50","Active Cephs",50,3.98107170553497e-08,NA,NA,NA,"High Activity"
"51","Active Cephs",51,5.01187233627271e-08,NA,NA,NA,"High Activity"
"52","Active Cephs",52,6.30957344480193e-08,NA,NA,NA,"High Activity"
"53","Active Cephs",53,7.9432823472428e-08,NA,NA,NA,"High Activity"
"54","Active Cephs",54,1e-07,NA,NA,NA,"High Activity"
"55","Active Cephs",55,1.25892541179417e-07,NA,NA,NA,"High Activity"
"56","Active Cephs",56,1.58489319246111e-07,NA,NA,NA,"High Activity"
"57","Active Cephs",57,1.99526231496888e-07,NA,NA,NA,"High Activity"
"58","Active Cephs",58,2.51188643150958e-07,NA,NA,NA,"High Activity"
"59","Active Cephs",59,3.16227766016838e-07,NA,NA,NA,"High Activity"
"60","Active Cephs",60,3.98107170553497e-07,NA,NA,NA,"High Activity"
"61","Active Cephs",61,5.01187233627271e-07,NA,NA,NA,"High Activity"
"62","Active Cephs",62,6.30957344480193e-07,NA,NA,NA,"High Activity"
"63","Active Cephs",63,7.94328234724281e-07,NA,NA,NA,"High Activity"
"64","Active Cephs",64,1e-06,NA,NA,NA,"High Activity"
"65","Active Cephs",65,1.25892541179417e-06,NA,NA,NA,"High Activity"
"66","Active Cephs",66,1.58489319246111e-06,NA,NA,NA,"High Activity"
"67","Active Cephs",67,1.99526231496888e-06,NA,NA,NA,"High Activity"
"68","Active Cephs",68,2.51188643150958e-06,NA,NA,NA,"High Activity"
"69","Active Cephs",69,3.16227766016838e-06,NA,NA,NA,"High Activity"
"70","Active Cephs",70,3.98107170553497e-06,NA,NA,NA,"High Activity"
"71","Active Cephs",71,5.01187233627271e-06,NA,NA,NA,"High Activity"
"72","Active Cephs",72,6.30957344480193e-06,NA,NA,NA,"High Activity"
"73","Active Cephs",73,7.9432823472428e-06,NA,NA,NA,"High Activity"
"74","Active Cephs",74,1e-05,NA,NA,NA,"High Activity"
"75","Active Cephs",75,1.25892541179417e-05,NA,NA,NA,"High Activity"
"76","Active Cephs",76,1.58489319246111e-05,NA,NA,NA,"High Activity"
"77","Active Cephs",77,1.99526231496888e-05,NA,NA,NA,"High Activity"
"78","Active Cephs",78,2.51188643150958e-05,NA,NA,NA,"High Activity"
"79","Active Cephs",79,3.16227766016838e-05,NA,NA,NA,"High Activity"
"80","Active Cephs",80,3.98107170553497e-05,NA,NA,NA,"High Activity"
"81","Active Cephs",81,5.01187233627271e-05,NA,NA,NA,"High Activity"
"82","Active Cephs",82,6.30957344480192e-05,NA,NA,NA,"High Activity"
"83","Active Cephs",83,7.94328234724282e-05,NA,NA,NA,"High Activity"
"84","Active Cephs",84,1e-04,NA,NA,NA,"High Activity"
"85","Active Cephs",85,0.000125892541179417,NA,NA,NA,"High Activity"
"86","Active Cephs",86,0.000158489319246111,NA,NA,NA,"High Activity"
"87","Active Cephs",87,0.000199526231496887,NA,NA,NA,"High Activity"
"88","Active Cephs",88,0.000251188643150958,NA,NA,NA,"High Activity"
"89","Active Cephs",89,0.000316227766016838,NA,NA,NA,"High Activity"
"90","Active Cephs",90,0.000398107170553497,NA,NA,NA,"High Activity"
"91","Active Cephs",91,0.000501187233627271,NA,NA,NA,"High Activity"
"92","Active Cephs",92,0.000630957344480192,NA,NA,NA,"High Activity"
"93","Active Cephs",93,0.000794328234724282,NA,NA,NA,"High Activity"
"94","Active Cephs",94,0.001,NA,NA,NA,"High Activity"
"95","Active Cephs",95,0.00125892541179417,NA,NA,NA,"High Activity"
"96","Active Cephs",96,0.00158489319246111,NA,NA,NA,"High Activity"
"97","Active Cephs",97,0.00199526231496888,NA,NA,NA,"High Activity"
"98","Active Cephs",98,0.00251188643150958,NA,NA,NA,"High Activity"
"99","Active Cephs",99,0.00316227766016838,NA,NA,NA,"High Activity"
"100","Active Cephs",100,0.00398107170553497,NA,NA,NA,"High Activity"
"101","Active Cephs",101,0.00501187233627272,NA,NA,NA,"High Activity"
"102","Active Cephs",102,0.00630957344480194,NA,NA,NA,"High Activity"
"103","Active Cephs",103,0.00794328234724282,NA,NA,NA,"High Activity"
"104","Active Cephs",104,0.01,3.89124901986502,4.10091587913354,3.79447457785824,"High Activity"
"105","Active Cephs",105,0.0125892541179417,3.88805670343782,4.1056841607218,3.79157882859478,"High Activity"
"106","Active Cephs",106,0.0158489319246111,3.88901753101162,4.11369280103253,3.79469571034987,"High Activity"
"107","Active Cephs",107,0.0199526231496888,3.89603645017959,4.12657616023179,3.80390761945824,"High Activity"
"108","Active Cephs",108,0.0251188643150958,3.91061237513583,4.14697172087816,3.81891212041955,"High Activity"
"109","Active Cephs",109,0.0316227766016838,3.93393102545169,4.17717125250643,3.84026212724183,"High Activity"
"110","Active Cephs",110,0.0398107170553497,3.96708522510944,4.21844864964451,3.86966736248173,"High Activity"
"111","Active Cephs",111,0.0501187233627271,4.01104179675744,4.27054236802401,3.90843869878936,"High Activity"
"112","Active Cephs",112,0.0630957344480194,4.06619270035642,4.33156983877905,3.95771203153065,"High Activity"
"113","Active Cephs",113,0.0794328234724282,4.13168929302375,4.398505124806,4.01767282533248,"High Activity"
"114","Active Cephs",114,0.1,4.2050010797937,4.46798438229478,4.08659715340834,"High Activity"
"115","Active Cephs",115,0.125892541179417,4.28218461822372,4.53697838290377,4.16106731015327,"High Activity"
"116","Active Cephs",116,0.158489319246111,4.35891943251936,4.60311890199641,4.23800002352847,"High Activity"
"117","Active Cephs",117,0.199526231496888,4.43167426276644,4.66486818107049,4.31360066431077,"High Activity"
"118","Active Cephs",118,0.251188643150958,4.49829904974826,4.72172491683455,4.38484672537178,"High Activity"
"119","Active Cephs",119,0.316227766016838,4.55804287346412,4.77430994808698,4.44989161703541,"High Activity"
"120","Active Cephs",120,0.398107170553497,4.61144011040499,4.82405712548772,4.50810444169055,"High Activity"
"121","Active Cephs",121,0.501187233627271,4.66016784353822,4.87257526017329,4.55965692980846,"High Activity"
"122","Active Cephs",122,0.630957344480194,4.70659251877827,4.92106341995322,4.60625737094078,"High Activity"
"123","Active Cephs",123,0.794328234724282,4.75297997179363,4.97006654937382,4.65068339716769,"High Activity"
"124","Active Cephs",124,1,4.80080589291846,5.01956197065925,4.69534230418292,"High Activity"
"125","Active Cephs",125,1.25892541179417,4.85054389011907,5.06920111661934,4.74175615175219,"High Activity"
"126","Active Cephs",126,1.58489319246111,4.90188305459572,5.11854597305429,4.7905524816532,"High Activity"
"127","Active Cephs",127,1.99526231496888,4.95410133210688,5.16722481629851,4.84170016216839,"High Activity"
"128","Active Cephs",128,2.51188643150958,5.00639123126694,5.21593310109124,4.89440841061493,"High Activity"
"129","Active Cephs",129,3.16227766016838,5.05797161901256,5.26381646171568,4.94765997617732,"High Activity"
"130","Active Cephs",130,3.98107170553497,5.10868859122554,5.31066427802953,4.99974033021931,"High Activity"
"131","Active Cephs",131,5.01187233627271,5.15803606850823,5.35655822155123,5.05089919017094,"High Activity"
"132","Active Cephs",132,6.30957344480194,5.20611200360758,5.40179082559679,5.10032387729268,"High Activity"
"133","Active Cephs",133,7.94328234724282,5.25304850795884,5.44653283353898,5.14747391227215,"High Activity"
"134","Active Cephs",134,10,5.29903501982549,5.49077384953505,5.19365284279806,"High Activity"
"135","Active Cephs",135,12.5892541179417,5.34425846088289,5.53465798938697,5.23906067664597,"High Activity"
"136","Active Cephs",136,15.8489319246111,5.38887244640215,5.57833062250233,5.283861573827,"High Activity"
"137","Active Cephs",137,19.9526231496888,5.43299466708389,5.62194123228507,5.32816456484234,"High Activity"
"138","Active Cephs",138,25.1188643150958,5.47672143176211,5.66564424402935,5.37203123224831,"High Activity"
"139","Active Cephs",139,31.6227766016838,5.52014633522578,5.70959699421533,5.41549780863409,"High Activity"
"140","Active Cephs",140,39.8107170553497,5.5633742846405,5.75395522857297,5.45848046415586,"High Activity"
"141","Active Cephs",141,50.1187233627271,5.60652779372648,5.79886692355203,5.50102310082327,"High Activity"
"142","Active Cephs",142,63.0957344480194,5.64974632723672,5.84446520928104,5.54332638722839,"High Activity"
"143","Active Cephs",143,79.4328234724282,5.69318100273935,5.89086103732883,5.58550049135665,"High Activity"
"144","Active Cephs",144,100,5.73698693766015,5.9381361350669,5.62767671161778,"High Activity"
"145","Active Cephs",145,125.892541179417,5.78131994571144,5.98633722916785,5.67002574307548,"High Activity"
"146","Active Cephs",146,158.489319246111,5.82630696434794,6.0354686641031,5.71268250176546,"High Activity"
"147","Active Cephs",147,199.526231496888,5.87205770625065,6.08549279569232,5.75578207040724,"High Activity"
"148","Active Cephs",148,251.188643150958,5.9186575399625,6.136328882448,5.7994534300847,"High Activity"
"149","Active Cephs",149,316.227766016838,5.96616094859828,6.18785498094763,5.84381312534539,"High Activity"
"150","Active Cephs",150,398.107170553497,6.01458611849791,6.23991304696015,5.88895909153082,"High Activity"
"151","Active Cephs",151,501.187233627271,6.06391124022867,6.29231707320793,5.93496491413215,"High Activity"
"152","Active Cephs",152,630.957344480194,6.11407306887552,6.34486368070387,5.98187483004501,"High Activity"
"153","Active Cephs",153,794.328234724282,6.16496816722634,6.39734420610192,6.02969981585718,"High Activity"
"154","Active Cephs",154,1000,6.21645703389916,6.44955708047782,6.07841512576737,"High Activity"
"155","Active Cephs",155,1258.92541179417,6.26837101198562,6.50131923999046,6.12795962134172,"High Activity"
"156","Active Cephs",156,1584.89319246111,6.3205215247724,6.55247546368191,6.17823715758125,"High Activity"
"157","Active Cephs",157,1995.26231496888,6.37271085917231,6.60290486185627,6.22912014539666,"High Activity"
"158","Active Cephs",158,2511.88643150958,6.42474348666741,6.65252416181764,6.28026788597714,"High Activity"
"159","Active Cephs",159,3162.27766016838,6.47643683182465,6.70128786239077,6.33168740377815,"High Activity"
"160","Active Cephs",160,3981.07170553497,6.52763049067262,6.74918567365867,6.38324714789991,"High Activity"
"161","Active Cephs",161,5011.87233627272,6.57819314372898,6.79623787558641,6.43477074229616,"High Activity"
"162","Active Cephs",162,6309.57344480194,6.62802674433999,6.84248930902654,6.48608692716162,"High Activity"
"163","Active Cephs",163,7943.28234724279,6.67706791892089,6.88800267685465,6.53703767747408,"High Activity"
"164","Active Cephs",164,10000,NA,NA,NA,"High Activity"
"165","Active Cephs",165,12589.2541179417,NA,NA,NA,"High Activity"
"166","Active Cephs",166,15848.9319246111,NA,NA,NA,"High Activity"
"167","Active Cephs",167,19952.6231496888,NA,NA,NA,"High Activity"
"168","Active Cephs",168,25118.8643150957,NA,NA,NA,"High Activity"
"169","Active Cephs",169,31622.7766016838,NA,NA,NA,"High Activity"
"170","Active Cephs",170,39810.7170553499,NA,NA,NA,"High Activity"
"171","Active Cephs",171,50118.7233627271,NA,NA,NA,"High Activity"
"172","Active Cephs",172,63095.7344480194,NA,NA,NA,"High Activity"
"173","Active Cephs",173,79432.8234724279,NA,NA,NA,"High Activity"
"174","Active Cephs",174,1e+05,NA,NA,NA,"High Activity"
"175","Active Cephs",175,125892.541179417,NA,NA,NA,"High Activity"
"176","Active Cephs",176,158489.319246111,NA,NA,NA,"High Activity"
"177","Active Cephs",177,199526.231496888,NA,NA,NA,"High Activity"
"178","Active Cephs",178,251188.643150957,NA,NA,NA,"High Activity"
"179","Active Cephs",179,316227.766016838,NA,NA,NA,"High Activity"
"180","Active Cephs",180,398107.170553499,NA,NA,NA,"High Activity"
"181","Active Cephs",181,501187.233627271,NA,NA,NA,"High Activity"
"182","Active Cephs",182,630957.344480194,NA,NA,NA,"High Activity"
"183","Active Cephs",183,794328.234724279,NA,NA,NA,"High Activity"
"184","Active Cephs",184,1e+06,NA,NA,NA,"High Activity"
"185","Fish",1,5.01187233627271e-13,NA,NA,NA,"Fish"
"186","Fish",2,6.30957344480192e-13,NA,NA,NA,"Fish"
"187","Fish",3,7.94328234724279e-13,NA,NA,NA,"Fish"
"188","Fish",4,1e-12,NA,NA,NA,"Fish"
"189","Fish",5,1.25892541179417e-12,NA,NA,NA,"Fish"
"190","Fish",6,1.58489319246111e-12,NA,NA,NA,"Fish"
"191","Fish",7,1.99526231496887e-12,NA,NA,NA,"Fish"
"192","Fish",8,2.51188643150957e-12,NA,NA,NA,"Fish"
"193","Fish",9,3.16227766016838e-12,NA,NA,NA,"Fish"
"194","Fish",10,3.98107170553497e-12,NA,NA,NA,"Fish"
"195","Fish",11,5.01187233627271e-12,NA,NA,NA,"Fish"
"196","Fish",12,6.30957344480192e-12,NA,NA,NA,"Fish"
"197","Fish",13,7.94328234724279e-12,NA,NA,NA,"Fish"
"198","Fish",14,1e-11,NA,NA,NA,"Fish"
"199","Fish",15,1.25892541179417e-11,NA,NA,NA,"Fish"
"200","Fish",16,1.58489319246111e-11,NA,NA,NA,"Fish"
"201","Fish",17,1.99526231496887e-11,NA,NA,NA,"Fish"
"202","Fish",18,2.51188643150957e-11,NA,NA,NA,"Fish"
"203","Fish",19,3.16227766016838e-11,NA,NA,NA,"Fish"
"204","Fish",20,3.98107170553497e-11,NA,NA,NA,"Fish"
"205","Fish",21,5.01187233627271e-11,NA,NA,NA,"Fish"
"206","Fish",22,6.30957344480192e-11,NA,NA,NA,"Fish"
"207","Fish",23,7.94328234724279e-11,NA,NA,NA,"Fish"
"208","Fish",24,1e-10,NA,NA,NA,"Fish"
"209","Fish",25,1.25892541179417e-10,NA,NA,NA,"Fish"
"210","Fish",26,1.58489319246111e-10,NA,NA,NA,"Fish"
"211","Fish",27,1.99526231496887e-10,NA,NA,NA,"Fish"
"212","Fish",28,2.51188643150957e-10,NA,NA,NA,"Fish"
"213","Fish",29,3.16227766016838e-10,NA,NA,NA,"Fish"
"214","Fish",30,3.98107170553497e-10,NA,NA,NA,"Fish"
"215","Fish",31,5.01187233627271e-10,NA,NA,NA,"Fish"
"216","Fish",32,6.30957344480192e-10,NA,NA,NA,"Fish"
"217","Fish",33,7.94328234724279e-10,NA,NA,NA,"Fish"
"218","Fish",34,1e-09,NA,NA,NA,"Fish"
"219","Fish",35,1.25892541179417e-09,NA,NA,NA,"Fish"
"220","Fish",36,1.58489319246111e-09,NA,NA,NA,"Fish"
"221","Fish",37,1.99526231496887e-09,NA,NA,NA,"Fish"
"222","Fish",38,2.51188643150957e-09,NA,NA,NA,"Fish"
"223","Fish",39,3.16227766016838e-09,NA,NA,NA,"Fish"
"224","Fish",40,3.98107170553497e-09,NA,NA,NA,"Fish"
"225","Fish",41,5.01187233627271e-09,NA,NA,NA,"Fish"
"226","Fish",42,6.30957344480194e-09,NA,NA,NA,"Fish"
"227","Fish",43,7.94328234724279e-09,NA,NA,NA,"Fish"
"228","Fish",44,1e-08,NA,NA,NA,"Fish"
"229","Fish",45,1.25892541179417e-08,NA,NA,NA,"Fish"
"230","Fish",46,1.58489319246111e-08,NA,NA,NA,"Fish"
"231","Fish",47,1.99526231496888e-08,NA,NA,NA,"Fish"
"232","Fish",48,2.51188643150958e-08,NA,NA,NA,"Fish"
"233","Fish",49,3.16227766016838e-08,NA,NA,NA,"Fish"
"234","Fish",50,3.98107170553497e-08,NA,NA,NA,"Fish"
"235","Fish",51,5.01187233627271e-08,NA,NA,NA,"Fish"
"236","Fish",52,6.30957344480193e-08,NA,NA,NA,"Fish"
"237","Fish",53,7.9432823472428e-08,NA,NA,NA,"Fish"
"238","Fish",54,1e-07,NA,NA,NA,"Fish"
"239","Fish",55,1.25892541179417e-07,NA,NA,NA,"Fish"
"240","Fish",56,1.58489319246111e-07,NA,NA,NA,"Fish"
"241","Fish",57,1.99526231496888e-07,NA,NA,NA,"Fish"
"242","Fish",58,2.51188643150958e-07,NA,NA,NA,"Fish"
"243","Fish",59,3.16227766016838e-07,NA,NA,NA,"Fish"
"244","Fish",60,3.98107170553497e-07,NA,NA,NA,"Fish"
"245","Fish",61,5.01187233627271e-07,NA,NA,NA,"Fish"
"246","Fish",62,6.30957344480193e-07,NA,NA,NA,"Fish"
"247","Fish",63,7.94328234724281e-07,NA,NA,NA,"Fish"
"248","Fish",64,1e-06,NA,NA,NA,"Fish"
"249","Fish",65,1.25892541179417e-06,NA,NA,NA,"Fish"
"250","Fish",66,1.58489319246111e-06,NA,NA,NA,"Fish"
"251","Fish",67,1.99526231496888e-06,NA,NA,NA,"Fish"
"252","Fish",68,2.51188643150958e-06,NA,NA,NA,"Fish"
"253","Fish",69,3.16227766016838e-06,NA,NA,NA,"Fish"
"254","Fish",70,3.98107170553497e-06,NA,NA,NA,"Fish"
"255","Fish",71,5.01187233627271e-06,NA,NA,NA,"Fish"
"256","Fish",72,6.30957344480193e-06,NA,NA,NA,"Fish"
"257","Fish",73,7.9432823472428e-06,NA,NA,NA,"Fish"
"258","Fish",74,1e-05,NA,NA,NA,"Fish"
"259","Fish",75,1.25892541179417e-05,NA,NA,NA,"Fish"
"260","Fish",76,1.58489319246111e-05,NA,NA,NA,"Fish"
"261","Fish",77,1.99526231496888e-05,NA,NA,NA,"Fish"
"262","Fish",78,2.51188643150958e-05,NA,NA,NA,"Fish"
"263","Fish",79,3.16227766016838e-05,NA,NA,NA,"Fish"
"264","Fish",80,3.98107170553497e-05,NA,NA,NA,"Fish"
"265","Fish",81,5.01187233627271e-05,NA,NA,NA,"Fish"
"266","Fish",82,6.30957344480192e-05,NA,NA,NA,"Fish"
"267","Fish",83,7.94328234724282e-05,NA,NA,NA,"Fish"
"268","Fish",84,1e-04,NA,NA,NA,"Fish"
"269","Fish",85,0.000125892541179417,NA,NA,NA,"Fish"
"270","Fish",86,0.000158489319246111,NA,NA,NA,"Fish"
"271","Fish",87,0.000199526231496887,NA,NA,NA,"Fish"
"272","Fish",88,0.000251188643150958,NA,NA,NA,"Fish"
"273","Fish",89,0.000316227766016838,NA,NA,NA,"Fish"
"274","Fish",90,0.000398107170553497,NA,NA,NA,"Fish"
"275","Fish",91,0.000501187233627271,NA,NA,NA,"Fish"
"276","Fish",92,0.000630957344480192,NA,NA,NA,"Fish"
"277","Fish",93,0.000794328234724282,NA,NA,NA,"Fish"
"278","Fish",94,0.001,3.59499518717742,3.60017607479121,3.59224672737628,"Fish"
"279","Fish",95,0.00125892541179417,3.60026619811659,3.60507496097472,3.59734261130759,"Fish"
"280","Fish",96,0.00158489319246111,3.60599086937782,3.61123766770585,3.60330177370559,"Fish"
"281","Fish",97,0.00199526231496888,3.61267782809762,3.61814431161608,3.60990466311834,"Fish"
"282","Fish",98,0.00251188643150958,3.62042031571228,3.62587986443759,3.61713937648139,"Fish"
"283","Fish",99,0.00316227766016838,3.62876939266123,3.63443011880434,3.62507397700475,"Fish"
"284","Fish",100,0.00398107170553497,3.6379497263931,3.64410740590286,3.63362028325836,"Fish"
"285","Fish",101,0.00501187233627272,3.64774193301754,3.65475385868386,3.64266553128717,"Fish"
"286","Fish",102,0.00630957344480194,3.65813979333299,3.66596295975907,3.65213313837716,"Fish"
"287","Fish",103,0.00794328234724282,3.66942563320005,3.67769338357127,3.66199257442598,"Fish"
"288","Fish",104,0.01,3.68096650669408,3.68991811051034,3.67226902248309,"Fish"
"289","Fish",105,0.0125892541179417,3.69303164165028,3.70263928392496,3.68305632443851,"Fish"
"290","Fish",106,0.0158489319246111,3.70567912598041,3.71590238670348,3.69452737721771,"Fish"
"291","Fish",107,0.0199526231496888,3.71834250332503,3.72980921882777,3.70692485189885,"Fish"
"292","Fish",108,0.0251188643150958,3.73156529561534,3.74453075859113,3.72052435347906,"Fish"
"293","Fish",109,0.0316227766016838,3.74593425825686,3.76032201796251,3.73559412672279,"Fish"
"294","Fish",110,0.0398107170553497,3.76195537839233,3.77754291371375,3.75239633608129,"Fish"
"295","Fish",111,0.0501187233627271,3.78018030638503,3.79669300827011,3.77078400912672,"Fish"
"296","Fish",112,0.0630957344480194,3.80100864358894,3.8184691087335,3.7917349956701,"Fish"
"297","Fish",113,0.0794328234724282,3.82560588969602,3.84384260143499,3.81621729258696,"Fish"
"298","Fish",114,0.1,3.85494963134484,3.87412564989063,3.84544105734671,"Fish"
"299","Fish",115,0.125892541179417,3.89051536242137,3.91096093322524,3.88107023852473,"Fish"
"300","Fish",116,0.158489319246111,3.93404982195405,3.95613511215657,3.92511053449144,"Fish"
"301","Fish",117,0.199526231496888,3.98719272515866,4.01111270919716,3.97857383262066,"Fish"
"302","Fish",118,0.251188643150958,4.05085135754193,4.07631188857592,4.04327045712753,"Fish"
"303","Fish",119,0.316227766016838,4.12513169877089,4.15044701191778,4.11857797147921,"Fish"
"304","Fish",120,0.398107170553497,4.20693151393104,4.23048156724349,4.19988028091326,"Fish"
"305","Fish",121,0.501187233627271,4.29110322610981,4.31239664921921,4.28264691130801,"Fish"
"306","Fish",122,0.630957344480194,4.37335175561038,4.39221742140019,4.36273889244045,"Fish"
"307","Fish",123,0.794328234724282,4.44910017633054,4.46655811923434,4.43650377822847,"Fish"
"308","Fish",124,1,4.51477626887237,4.53280220662719,4.50184355874679,"Fish"
"309","Fish",125,1.25892541179417,4.57089819292737,4.58974413065776,4.55835948504508,"Fish"
"310","Fish",126,1.58489319246111,4.6191092893263,4.63865895841277,4.60690225025547,"Fish"
"311","Fish",127,1.99526231496888,4.6633373458326,4.68329557244503,4.65147952449127,"Fish"
"312","Fish",128,2.51188643150958,4.70724066837941,4.72801333589697,4.69599140717782,"Fish"
"313","Fish",129,3.16227766016838,4.75395336927879,4.77559355377997,4.74292966040084,"Fish"
"314","Fish",130,3.98107170553497,4.80376962175196,4.82647238319853,4.79316948792509,"Fish"
"315","Fish",131,5.01187233627271,4.85628306959037,4.87940314115967,4.84609226721974,"Fish"
"316","Fish",132,6.30957344480194,4.90981711216,4.93259450410341,4.90011340083389,"Fish"
"317","Fish",133,7.94328234724282,4.96255757250452,4.98460478268747,4.9533870314884,"Fish"
"318","Fish",134,10,5.0136113054718,5.03473738197906,5.00458067156743,"Fish"
"319","Fish",135,12.5892541179417,5.06278482074944,5.0829837348007,5.05405887074884,"Fish"
"320","Fish",136,15.8489319246111,5.11047750457201,5.12972294861001,5.10182592764612,"Fish"
"321","Fish",137,19.9526231496888,5.1571760987075,5.17571750530417,5.14754467561713,"Fish"
"322","Fish",138,25.1188643150958,5.20325508438064,5.22148455232486,5.19267270560392,"Fish"
"323","Fish",139,31.6227766016838,5.24845344991559,5.26676110733527,5.23742431369343,"Fish"
"324","Fish",140,39.8107170553497,5.29365067782221,5.31165464840475,5.28188905472394,"Fish"
"325","Fish",141,50.1187233627271,5.33857113421948,5.3562000920117,5.32601806367962,"Fish"
"326","Fish",142,63.0957344480194,5.38320688541767,5.40041309490041,5.36975583299112,"Fish"
"327","Fish",143,79.4328234724282,5.42755713814916,5.4446207367197,5.4131995132784,"Fish"
"328","Fish",144,100,5.47164636783669,5.48863170825907,5.45636940907074,"Fish"
"329","Fish",145,125.892541179417,5.51543672856412,5.53250357150513,5.4993106254642,"Fish"
"330","Fish",146,158.489319246111,5.55928319689535,5.57632879553666,5.54209119298853,"Fish"
"331","Fish",147,199.526231496888,5.60301044684132,5.62021462940559,5.58479772225104,"Fish"
"332","Fish",148,251.188643150958,5.64621963701692,5.66427752430515,5.62753089103795,"Fish"
"333","Fish",149,316.227766016838,5.69041070847168,5.70863813162127,5.67040146799336,"Fish"
"334","Fish",150,398.107170553497,5.73498494243142,5.75341673300713,5.71352666524397,"Fish"
"335","Fish",151,501.187233627271,5.78000063165623,5.79872870305033,5.75702631580095,"Fish"
"336","Fish",152,630.957344480194,5.82495475628045,5.84467962237297,5.80101846344279,"Fish"
"337","Fish",153,794.328234724282,5.87141870672226,5.89135984796564,5.84561420761008,"Fish"
"338","Fish",154,1000,5.91821687494638,5.93883861912838,5.89091191293853,"Fish"
"339","Fish",155,1258.92541179417,5.96582686915881,5.98715805738033,5.93699110397668,"Fish"
"340","Fish",156,1584.89319246111,6.01427584427416,6.03632765182832,5.98390650714002,"Fish"
"341","Fish",157,1995.26231496888,6.06355548347427,6.08631996819214,6.03168278246674,"Fish"
"342","Fish",158,2511.88643150958,6.11361920480891,6.13706835026756,6.0803105136787,"Fish"
"343","Fish",159,3162.27766016838,6.16438178947854,6.18846727624824,6.12974399210427,"Fish"
"344","Fish",160,3981.07170553497,6.21572183544788,6.24037578373802,6.17990122713638,"Fish"
"345","Fish",161,5011.87233627272,6.26748713053342,6.29262400732731,6.23063592702844,"Fish"
"346","Fish",162,6309.57344480194,6.31950266435835,6.3450224351153,6.28165171530282,"Fish"
"347","Fish",163,7943.28234724279,6.37158062353106,6.39737306795686,6.33299701538109,"Fish"
"348","Fish",164,10000,6.42353141607212,6.44948135029494,6.38450032256527,"Fish"
"349","Fish",165,12589.2541179417,6.47517412102458,6.50116728980095,6.43598397409435,"Fish"
"350","Fish",166,15848.9319246111,6.52634687838716,6.5522755417404,6.48727371983347,"Fish"
"351","Fish",167,19952.6231496888,6.57691457143057,6.60268264572803,6.53820772992463,"Fish"
"352","Fish",168,25118.8643150957,6.62677390553503,6.65230113200782,6.58864409104481,"Fish"
"353","Fish",169,31622.7766016838,6.67585565496335,6.70108048173238,6.63846641816405,"Fish"
"354","Fish",170,39810.7170553499,6.72412422582958,6.74900525704195,6.68758727273204,"Fish"
"355","Fish",171,50118.7233627271,6.77157494399843,6.7960909775362,6.73594932729637,"Fish"
"356","Fish",172,63095.7344480194,6.81822962562683,6.84237844110313,6.78352443100267,"Fish"
"357","Fish",173,79432.8234724279,6.86413102844305,6.88792718313019,6.8303108860038,"Fish"
"358","Fish",174,1e+05,6.90933673773476,6.93280867512494,6.87632431927476,"Fish"
"359","Fish",175,125892.541179417,6.95391294595688,6.97709972503569,6.92149267904664,"Fish"
"360","Fish",176,158489.319246111,6.99792847158361,7.02087639553301,6.96599399991031,"Fish"
"361","Fish",177,199526.231496888,7.04144925653175,7.06420863018527,7.009886574296,"Fish"
"362","Fish",178,251188.643150957,7.0845334972913,7.10715568482562,7.05322759105951,"Fish"
"363","Fish",179,316227.766016838,7.12722750825898,7.14976240520766,7.09606801531126,"Fish"
"364","Fish",180,398107.170553499,7.16956238455074,7.19205636701609,7.1384481208336,"Fish"
"365","Fish",181,501187.233627271,7.2115515186958,7.2340458905371,7.1803938313062,"Fish"
"366","Fish",182,630957.344480194,7.25318902159007,7.27571894814525,7.22191399908284,"Fish"
"367","Fish",183,794328.234724279,7.29444909315159,7.31704298705288,7.26299872280712,"Fish"
"368","Fish",184,1e+06,NA,NA,NA,"Fish"
"369","Inactive Cephs",1,5.01187233627271e-13,NA,NA,NA,"Low Activity"
"370","Inactive Cephs",2,6.30957344480192e-13,NA,NA,NA,"Low Activity"
"371","Inactive Cephs",3,7.94328234724279e-13,NA,NA,NA,"Low Activity"
"372","Inactive Cephs",4,1e-12,NA,NA,NA,"Low Activity"
"373","Inactive Cephs",5,1.25892541179417e-12,NA,NA,NA,"Low Activity"
"374","Inactive Cephs",6,1.58489319246111e-12,NA,NA,NA,"Low Activity"
"375","Inactive Cephs",7,1.99526231496887e-12,NA,NA,NA,"Low Activity"
"376","Inactive Cephs",8,2.51188643150957e-12,NA,NA,NA,"Low Activity"
"377","Inactive Cephs",9,3.16227766016838e-12,NA,NA,NA,"Low Activity"
"378","Inactive Cephs",10,3.98107170553497e-12,NA,NA,NA,"Low Activity"
"379","Inactive Cephs",11,5.01187233627271e-12,NA,NA,NA,"Low Activity"
"380","Inactive Cephs",12,6.30957344480192e-12,NA,NA,NA,"Low Activity"
"381","Inactive Cephs",13,7.94328234724279e-12,NA,NA,NA,"Low Activity"
"382","Inactive Cephs",14,1e-11,NA,NA,NA,"Low Activity"
"383","Inactive Cephs",15,1.25892541179417e-11,NA,NA,NA,"Low Activity"
"384","Inactive Cephs",16,1.58489319246111e-11,NA,NA,NA,"Low Activity"
"385","Inactive Cephs",17,1.99526231496887e-11,NA,NA,NA,"Low Activity"
"386","Inactive Cephs",18,2.51188643150957e-11,NA,NA,NA,"Low Activity"
"387","Inactive Cephs",19,3.16227766016838e-11,NA,NA,NA,"Low Activity"
"388","Inactive Cephs",20,3.98107170553497e-11,NA,NA,NA,"Low Activity"
"389","Inactive Cephs",21,5.01187233627271e-11,NA,NA,NA,"Low Activity"
"390","Inactive Cephs",22,6.30957344480192e-11,NA,NA,NA,"Low Activity"
"391","Inactive Cephs",23,7.94328234724279e-11,NA,NA,NA,"Low Activity"
"392","Inactive Cephs",24,1e-10,NA,NA,NA,"Low Activity"
"393","Inactive Cephs",25,1.25892541179417e-10,NA,NA,NA,"Low Activity"
"394","Inactive Cephs",26,1.58489319246111e-10,NA,NA,NA,"Low Activity"
"395","Inactive Cephs",27,1.99526231496887e-10,NA,NA,NA,"Low Activity"
"396","Inactive Cephs",28,2.51188643150957e-10,NA,NA,NA,"Low Activity"
"397","Inactive Cephs",29,3.16227766016838e-10,NA,NA,NA,"Low Activity"
"398","Inactive Cephs",30,3.98107170553497e-10,NA,NA,NA,"Low Activity"
"399","Inactive Cephs",31,5.01187233627271e-10,NA,NA,NA,"Low Activity"
"400","Inactive Cephs",32,6.30957344480192e-10,NA,NA,NA,"Low Activity"
"401","Inactive Cephs",33,7.94328234724279e-10,NA,NA,NA,"Low Activity"
"402","Inactive Cephs",34,1e-09,NA,NA,NA,"Low Activity"
"403","Inactive Cephs",35,1.25892541179417e-09,NA,NA,NA,"Low Activity"
"404","Inactive Cephs",36,1.58489319246111e-09,NA,NA,NA,"Low Activity"
"405","Inactive Cephs",37,1.99526231496887e-09,NA,NA,NA,"Low Activity"
"406","Inactive Cephs",38,2.51188643150957e-09,NA,NA,NA,"Low Activity"
"407","Inactive Cephs",39,3.16227766016838e-09,NA,NA,NA,"Low Activity"
"408","Inactive Cephs",40,3.98107170553497e-09,NA,NA,NA,"Low Activity"
"409","Inactive Cephs",41,5.01187233627271e-09,NA,NA,NA,"Low Activity"
"410","Inactive Cephs",42,6.30957344480194e-09,NA,NA,NA,"Low Activity"
"411","Inactive Cephs",43,7.94328234724279e-09,NA,NA,NA,"Low Activity"
"412","Inactive Cephs",44,1e-08,NA,NA,NA,"Low Activity"
"413","Inactive Cephs",45,1.25892541179417e-08,NA,NA,NA,"Low Activity"
"414","Inactive Cephs",46,1.58489319246111e-08,NA,NA,NA,"Low Activity"
"415","Inactive Cephs",47,1.99526231496888e-08,NA,NA,NA,"Low Activity"
"416","Inactive Cephs",48,2.51188643150958e-08,NA,NA,NA,"Low Activity"
"417","Inactive Cephs",49,3.16227766016838e-08,NA,NA,NA,"Low Activity"
"418","Inactive Cephs",50,3.98107170553497e-08,NA,NA,NA,"Low Activity"
"419","Inactive Cephs",51,5.01187233627271e-08,NA,NA,NA,"Low Activity"
"420","Inactive Cephs",52,6.30957344480193e-08,NA,NA,NA,"Low Activity"
"421","Inactive Cephs",53,7.9432823472428e-08,NA,NA,NA,"Low Activity"
"422","Inactive Cephs",54,1e-07,NA,NA,NA,"Low Activity"
"423","Inactive Cephs",55,1.25892541179417e-07,NA,NA,NA,"Low Activity"
"424","Inactive Cephs",56,1.58489319246111e-07,NA,NA,NA,"Low Activity"
"425","Inactive Cephs",57,1.99526231496888e-07,NA,NA,NA,"Low Activity"
"426","Inactive Cephs",58,2.51188643150958e-07,NA,NA,NA,"Low Activity"
"427","Inactive Cephs",59,3.16227766016838e-07,NA,NA,NA,"Low Activity"
"428","Inactive Cephs",60,3.98107170553497e-07,NA,NA,NA,"Low Activity"
"429","Inactive Cephs",61,5.01187233627271e-07,NA,NA,NA,"Low Activity"
"430","Inactive Cephs",62,6.30957344480193e-07,NA,NA,NA,"Low Activity"
"431","Inactive Cephs",63,7.94328234724281e-07,NA,NA,NA,"Low Activity"
"432","Inactive Cephs",64,1e-06,NA,NA,NA,"Low Activity"
"433","Inactive Cephs",65,1.25892541179417e-06,NA,NA,NA,"Low Activity"
"434","Inactive Cephs",66,1.58489319246111e-06,NA,NA,NA,"Low Activity"
"435","Inactive Cephs",67,1.99526231496888e-06,NA,NA,NA,"Low Activity"
"436","Inactive Cephs",68,2.51188643150958e-06,NA,NA,NA,"Low Activity"
"437","Inactive Cephs",69,3.16227766016838e-06,NA,NA,NA,"Low Activity"
"438","Inactive Cephs",70,3.98107170553497e-06,NA,NA,NA,"Low Activity"
"439","Inactive Cephs",71,5.01187233627271e-06,NA,NA,NA,"Low Activity"
"440","Inactive Cephs",72,6.30957344480193e-06,NA,NA,NA,"Low Activity"
"441","Inactive Cephs",73,7.9432823472428e-06,NA,NA,NA,"Low Activity"
"442","Inactive Cephs",74,1e-05,NA,NA,NA,"Low Activity"
"443","Inactive Cephs",75,1.25892541179417e-05,NA,NA,NA,"Low Activity"
"444","Inactive Cephs",76,1.58489319246111e-05,NA,NA,NA,"Low Activity"
"445","Inactive Cephs",77,1.99526231496888e-05,NA,NA,NA,"Low Activity"
"446","Inactive Cephs",78,2.51188643150958e-05,NA,NA,NA,"Low Activity"
"447","Inactive Cephs",79,3.16227766016838e-05,NA,NA,NA,"Low Activity"
"448","Inactive Cephs",80,3.98107170553497e-05,NA,NA,NA,"Low Activity"
"449","Inactive Cephs",81,5.01187233627271e-05,NA,NA,NA,"Low Activity"
"450","Inactive Cephs",82,6.30957344480192e-05,NA,NA,NA,"Low Activity"
"451","Inactive Cephs",83,7.94328234724282e-05,NA,NA,NA,"Low Activity"
"452","Inactive Cephs",84,1e-04,NA,NA,NA,"Low Activity"
"453","Inactive Cephs",85,0.000125892541179417,NA,NA,NA,"Low Activity"
"454","Inactive Cephs",86,0.000158489319246111,NA,NA,NA,"Low Activity"
"455","Inactive Cephs",87,0.000199526231496887,NA,NA,NA,"Low Activity"
"456","Inactive Cephs",88,0.000251188643150958,NA,NA,NA,"Low Activity"
"457","Inactive Cephs",89,0.000316227766016838,NA,NA,NA,"Low Activity"
"458","Inactive Cephs",90,0.000398107170553497,NA,NA,NA,"Low Activity"
"459","Inactive Cephs",91,0.000501187233627271,NA,NA,NA,"Low Activity"
"460","Inactive Cephs",92,0.000630957344480192,NA,NA,NA,"Low Activity"
"461","Inactive Cephs",93,0.000794328234724282,NA,NA,NA,"Low Activity"
"462","Inactive Cephs",94,0.001,NA,NA,NA,"Low Activity"
"463","Inactive Cephs",95,0.00125892541179417,NA,NA,NA,"Low Activity"
"464","Inactive Cephs",96,0.00158489319246111,NA,NA,NA,"Low Activity"
"465","Inactive Cephs",97,0.00199526231496888,NA,NA,NA,"Low Activity"
"466","Inactive Cephs",98,0.00251188643150958,NA,NA,NA,"Low Activity"
"467","Inactive Cephs",99,0.00316227766016838,NA,NA,NA,"Low Activity"
"468","Inactive Cephs",100,0.00398107170553497,NA,NA,NA,"Low Activity"
"469","Inactive Cephs",101,0.00501187233627272,NA,NA,NA,"Low Activity"
"470","Inactive Cephs",102,0.00630957344480194,NA,NA,NA,"Low Activity"
"471","Inactive Cephs",103,0.00794328234724282,NA,NA,NA,"Low Activity"
"472","Inactive Cephs",104,0.01,3.440068982746,3.45542633019388,3.42669106266276,"Low Activity"
"473","Inactive Cephs",105,0.0125892541179417,3.45172302336761,3.46595890054963,3.43876962861192,"Low Activity"
"474","Inactive Cephs",106,0.0158489319246111,3.46421086921368,3.47761392419907,3.45115542771881,"Low Activity"
"475","Inactive Cephs",107,0.0199526231496888,3.47721614358538,3.49016042328918,3.46369102562232,"Low Activity"
"476","Inactive Cephs",108,0.0251188643150958,3.4904630960374,3.5032389844117,3.47620804800969,"Low Activity"
"477","Inactive Cephs",109,0.0316227766016838,3.50371507486679,3.51659676877128,3.48854204107858,"Low Activity"
"478","Inactive Cephs",110,0.0398107170553497,3.51674841058095,3.53000108787153,3.50038819319856,"Low Activity"
"479","Inactive Cephs",111,0.0501187233627271,3.52935887469786,3.54323359666573,3.51159352882658,"Low Activity"
"480","Inactive Cephs",112,0.0630957344480194,3.54135296865618,3.5560874105742,3.52213152326066,"Low Activity"
"481","Inactive Cephs",113,0.0794328234724282,3.55254285946617,3.56836694550198,3.53182165783624,"Low Activity"
"482","Inactive Cephs",114,0.1,3.56274824867045,3.57989589466281,3.54048716451823,"Low Activity"
"483","Inactive Cephs",115,0.125892541179417,3.57180657738907,3.5904937370394,3.54798073493486,"Low Activity"
"484","Inactive Cephs",116,0.158489319246111,3.57959116789419,3.60003624255183,3.55421753782954,"Low Activity"
"485","Inactive Cephs",117,0.199526231496888,3.58603542660193,3.60841227542083,3.55921088246742,"Low Activity"
"486","Inactive Cephs",118,0.251188643150958,3.59115992342926,3.61555784606157,3.56310312592743,"Low Activity"
"487","Inactive Cephs",119,0.316227766016838,3.59509761421495,3.62146711067825,3.56618098209856,"Low Activity"
"488","Inactive Cephs",120,0.398107170553497,3.59811052135907,3.62620907629796,3.56886324774129,"Low Activity"
"489","Inactive Cephs",121,0.501187233627271,3.60058956188637,3.62994654294486,3.57164326700776,"Low Activity"
"490","Inactive Cephs",122,0.630957344480194,3.6030297875672,3.63295262710011,3.57486289084004,"Low Activity"
"491","Inactive Cephs",123,0.794328234724282,3.60597820103962,3.63572844143416,3.57913865773875,"Low Activity"
"492","Inactive Cephs",124,1,3.60996072064526,3.6387578429178,3.58478676515002,"Low Activity"
"493","Inactive Cephs",125,1.25892541179417,3.61540507394458,3.64255675993085,3.5919559834797,"Low Activity"
"494","Inactive Cephs",126,1.58489319246111,3.62258085186629,3.64772282572702,3.60063327257384,"Low Activity"
"495","Inactive Cephs",127,1.99526231496888,3.63157220449464,3.65505609643101,3.61067164255567,"Low Activity"
"496","Inactive Cephs",128,2.51188643150958,3.64228515758491,3.664448768863,3.62182484414022,"Low Activity"
"497","Inactive Cephs",129,3.16227766016838,3.65447856478734,3.6759574314123,3.63377878195297,"Low Activity"
"498","Inactive Cephs",130,3.98107170553497,3.66780278194031,3.6894167652903,3.64617760937867,"Low Activity"
"499","Inactive Cephs",131,5.01187233627271,3.68183461783474,3.70445904950184,3.65864887814751,"Low Activity"
"500","Inactive Cephs",132,6.30957344480194,3.69610685338583,3.72055562568844,3.67083475056225,"Low Activity"
"501","Inactive Cephs",133,7.94328234724282,3.71014010711246,3.73707100357321,3.68222290496152,"Low Activity"
"502","Inactive Cephs",134,10,3.72348971436924,3.75332906292221,3.69280558663525,"Low Activity"
"503","Inactive Cephs",135,12.5892541179417,3.73581722282686,3.76870001196522,3.70263582841493,"Low Activity"
"504","Inactive Cephs",136,15.8489319246111,3.74698254710296,3.78271698432504,3.71190136191819,"Low Activity"
"505","Inactive Cephs",137,19.9526231496888,3.75703435341103,3.79521430499362,3.72097803878311,"Low Activity"
"506","Inactive Cephs",138,25.1188643150958,3.76647732099461,3.80644500859016,3.73036798638318,"Low Activity"
"507","Inactive Cephs",139,31.6227766016838,3.77616336167536,3.81710090160898,3.7405832903752,"Low Activity"
"508","Inactive Cephs",140,39.8107170553497,3.78680657874037,3.82816320334597,3.75200299532542,"Low Activity"
"509","Inactive Cephs",141,50.1187233627271,3.7989218966004,3.84058699553811,3.76475145149238,"Low Activity"
"510","Inactive Cephs",142,63.0957344480194,3.81264532550007,3.85494024403584,3.77865011240466,"Low Activity"
"511","Inactive Cephs",143,79.4328234724282,3.82803970359145,3.87120139346437,3.79315331580002,"Low Activity"
"512","Inactive Cephs",144,100,3.84143370156371,3.88578262110882,3.80551632832402,"Low Activity"
"513","Inactive Cephs",145,125.892541179417,3.86140221414413,3.90669174204973,3.82341769893951,"Low Activity"
"514","Inactive Cephs",146,158.489319246111,3.88592506709296,3.93234946411506,3.84582636553628,"Low Activity"
"515","Inactive Cephs",147,199.526231496888,3.91401878209102,3.96117169034299,3.87145653204318,"Low Activity"
"516","Inactive Cephs",148,251.188643150958,3.94375494416727,3.99175200668293,3.89921343084984,"Low Activity"
"517","Inactive Cephs",149,316.227766016838,3.97437611012508,4.02293039704164,3.92763553314462,"Low Activity"
"518","Inactive Cephs",150,398.107170553497,4.00562403338315,4.0538158192091,3.95604708675608,"Low Activity"
"519","Inactive Cephs",151,501.187233627271,4.03595151409228,4.08378731817623,3.98402500703641,"Low Activity"
"520","Inactive Cephs",152,630.957344480194,4.06516552265129,4.11247870393613,4.01152646995594,"Low Activity"
"521","Inactive Cephs",153,794.328234724282,4.09299755247876,4.14083843189475,4.0382530405961,"Low Activity"
"522","Inactive Cephs",154,1000,4.11870090673046,4.16755721277554,4.06338211895486,"Low Activity"
"523","Inactive Cephs",155,1258.92541179417,4.14338200201308,4.1927123638673,4.08760948393487,"Low Activity"
"524","Inactive Cephs",156,1584.89319246111,4.16733034089069,4.21659863817594,4.11101494558593,"Low Activity"
"525","Inactive Cephs",157,1995.26231496888,4.19034880043791,4.23955128063979,4.13374393970081,"Low Activity"
"526","Inactive Cephs",158,2511.88643150958,4.21270772665915,4.26189855510993,4.15597997365098,"Low Activity"
"527","Inactive Cephs",159,3162.27766016838,4.23467188994282,4.28394969355758,4.17791683501235,"Low Activity"
"528","Inactive Cephs",160,3981.07170553497,4.2564708229946,4.30639225302069,4.19973405598603,"Low Activity"
"529","Inactive Cephs",161,5011.87233627272,4.27817554487728,4.32912573738472,4.22157864154448,"Low Activity"
"530","Inactive Cephs",162,6309.57344480194,4.3000400816009,4.35276724355711,4.24355478910644,"Low Activity"
"531","Inactive Cephs",163,7943.28234724279,4.32202434716627,4.37680528337036,4.26572110956475,"Low Activity"
"532","Inactive Cephs",164,10000,NA,NA,NA,"Low Activity"
"533","Inactive Cephs",165,12589.2541179417,NA,NA,NA,"Low Activity"
"534","Inactive Cephs",166,15848.9319246111,NA,NA,NA,"Low Activity"
"535","Inactive Cephs",167,19952.6231496888,NA,NA,NA,"Low Activity"
"536","Inactive Cephs",168,25118.8643150957,NA,NA,NA,"Low Activity"
"537","Inactive Cephs",169,31622.7766016838,NA,NA,NA,"Low Activity"
"538","Inactive Cephs",170,39810.7170553499,NA,NA,NA,"Low Activity"
"539","Inactive Cephs",171,50118.7233627271,NA,NA,NA,"Low Activity"
"540","Inactive Cephs",172,63095.7344480194,NA,NA,NA,"Low Activity"
"541","Inactive Cephs",173,79432.8234724279,NA,NA,NA,"Low Activity"
"542","Inactive Cephs",174,1e+05,NA,NA,NA,"Low Activity"
"543","Inactive Cephs",175,125892.541179417,NA,NA,NA,"Low Activity"
"544","Inactive Cephs",176,158489.319246111,NA,NA,NA,"Low Activity"
"545","Inactive Cephs",177,199526.231496888,NA,NA,NA,"Low Activity"
"546","Inactive Cephs",178,251188.643150957,NA,NA,NA,"Low Activity"
"547","Inactive Cephs",179,316227.766016838,NA,NA,NA,"Low Activity"
"548","Inactive Cephs",180,398107.170553499,NA,NA,NA,"Low Activity"
"549","Inactive Cephs",181,501187.233627271,NA,NA,NA,"Low Activity"
"550","Inactive Cephs",182,630957.344480194,NA,NA,NA,"Low Activity"
"551","Inactive Cephs",183,794328.234724279,NA,NA,NA,"Low Activity"
"552","Inactive Cephs",184,1e+06,NA,NA,NA,"Low Activity"
"553","Zooplankton",1,5.01187233627271e-13,2.0065876777869,2.00659456776962,2.00657189010271,"Zooplankton"
"554","Zooplankton",2,6.30957344480192e-13,2.00903546994185,2.00904522724042,2.00902189612322,"Zooplankton"
"555","Zooplankton",3,7.94328234724279e-13,2.01215717837508,2.01217489258879,2.01214239632057,"Zooplankton"
"556","Zooplankton",4,1e-12,2.01600119180343,2.01603214451961,2.01596884280001,"Zooplankton"
"557","Zooplankton",5,1.25892541179417e-12,2.02061656760383,2.02066913087307,2.02055334696229,"Zooplankton"
"558","Zooplankton",6,1.58489319246111e-12,2.02604889683181,2.02613324536001,2.02593480911269,"Zooplankton"
"559","Zooplankton",7,1.99526231496887e-12,2.03233109599097,2.03245258683709,2.03213730116999,"Zooplankton"
"560","Zooplankton",8,2.51188643150957e-12,2.03946872926594,2.03961888633805,2.03916099793112,"Zooplankton"
"561","Zooplankton",9,3.16227766016838e-12,2.04742301003794,2.04760116570901,2.04697906243228,"Zooplankton"
"562","Zooplankton",10,3.98107170553497e-12,2.05609476793079,2.05639693772987,2.05553783531681,"Zooplankton"
"563","Zooplankton",11,5.01187233627271e-12,2.06533253678558,2.06583659902459,2.06463580277671,"Zooplankton"
"564","Zooplankton",12,6.30957344480192e-12,2.07501828478859,2.07574368558253,2.07403869096217,"Zooplankton"
"565","Zooplankton",13,7.94328234724279e-12,2.08490801889717,2.08601114151632,2.08370579783955,"Zooplankton"
"566","Zooplankton",14,1e-11,2.09481056339099,2.09621739939018,2.09348511463293,"Zooplankton"
"567","Zooplankton",15,1.25892541179417e-11,2.10442264036504,2.10599646834862,2.10281646802979,"Zooplankton"
"568","Zooplankton",16,1.58489319246111e-11,2.11341997055068,2.11509321282749,2.11161474243388,"Zooplankton"
"569","Zooplankton",17,1.99526231496887e-11,2.12197823541294,2.12408364891831,2.11998813805409,"Zooplankton"
"570","Zooplankton",18,2.51188643150957e-11,2.12952167062015,2.13190951916748,2.12784005146467,"Zooplankton"
"571","Zooplankton",19,3.16227766016838e-11,2.13578493793398,2.13832706319807,2.1342887149563,"Zooplankton"
"572","Zooplankton",20,3.98107170553497e-11,2.1413620365623,2.14361378964465,2.13984453536712,"Zooplankton"
"573","Zooplankton",21,5.01187233627271e-11,2.14573164771711,2.1480622229749,2.14371020317026,"Zooplankton"
"574","Zooplankton",22,6.30957344480192e-11,2.14890739159009,2.15101035067148,2.14680652165206,"Zooplankton"
"575","Zooplankton",23,7.94328234724279e-11,2.15101101487792,2.15309225934914,2.14929576506444,"Zooplankton"
"576","Zooplankton",24,1e-10,2.15238872225134,2.15436722533384,2.15116074589887,"Zooplankton"
"577","Zooplankton",25,1.25892541179417e-10,2.1529812784419,2.15455582739747,2.15215409490282,"Zooplankton"
"578","Zooplankton",26,1.58489319246111e-10,2.1529494427025,2.15397646035285,2.15200034056497,"Zooplankton"
"579","Zooplankton",27,1.99526231496887e-10,2.15244822826221,2.15315683288579,2.1514366115878,"Zooplankton"
"580","Zooplankton",28,2.51188643150957e-10,2.151618466108,2.15211606703575,2.15075675893591,"Zooplankton"
"581","Zooplankton",29,3.16227766016838e-10,2.15052226875288,2.15107542727458,2.14996354614581,"Zooplankton"
"582","Zooplankton",30,3.98107170553497e-10,2.1493026247357,2.14999826972765,2.14885449975188,"Zooplankton"
"583","Zooplankton",31,5.01187233627271e-10,2.14823465772022,2.14899434441068,2.14770458716791,"Zooplankton"
"584","Zooplankton",32,6.30957344480192e-10,2.14727525047095,2.1480251401926,2.1467609887528,"Zooplankton"
"585","Zooplankton",33,7.94328234724279e-10,2.1465340005237,2.14737607370033,2.1460911295453,"Zooplankton"
"586","Zooplankton",34,1e-09,2.14612729932079,2.14702010155139,2.14572711699263,"Zooplankton"
"587","Zooplankton",35,1.25892541179417e-09,2.14601691971905,2.14704370546396,2.14568648002852,"Zooplankton"
"588","Zooplankton",36,1.58489319246111e-09,2.14636836467526,2.14746080688509,2.14602883567772,"Zooplankton"
"589","Zooplankton",37,1.99526231496887e-09,2.14722403294162,2.14835374890441,2.14686652241047,"Zooplankton"
"590","Zooplankton",38,2.51188643150957e-09,2.14866400755529,2.1498132289151,2.14822789432359,"Zooplankton"
"591","Zooplankton",39,3.16227766016838e-09,2.15077297411969,2.15193012142592,2.15020649567963,"Zooplankton"
"592","Zooplankton",40,3.98107170553497e-09,2.15362018280977,2.15479358534985,2.15292598421764,"Zooplankton"
"593","Zooplankton",41,5.01187233627271e-09,2.15731504184262,2.15849596155931,2.15648693932222,"Zooplankton"
"594","Zooplankton",42,6.30957344480194e-09,2.16202795607207,2.16314081171164,2.16100538457468,"Zooplankton"
"595","Zooplankton",43,7.94328234724279e-09,2.16780894737321,2.16884914996396,2.16661756678928,"Zooplankton"
"596","Zooplankton",44,1e-08,2.17478708284189,2.17575985015832,2.17347992083044,"Zooplankton"
"597","Zooplankton",45,1.25892541179417e-08,2.18320238249804,2.18404560014722,2.18175398254948,"Zooplankton"
"598","Zooplankton",46,1.58489319246111e-08,2.19310365659329,2.19413518325055,2.19153685083248,"Zooplankton"
"599","Zooplankton",47,1.99526231496888e-08,2.20457391789204,2.20593738862224,2.20305450281534,"Zooplankton"
"600","Zooplankton",48,2.51188643150958e-08,2.21792815571689,2.21954878622503,2.21638545109642,"Zooplankton"
"601","Zooplankton",49,3.16227766016838e-08,2.23296118672385,2.23498287770681,2.23140899564846,"Zooplankton"
"602","Zooplankton",50,3.98107170553497e-08,2.24967260068516,2.25212726620234,2.24779875617057,"Zooplankton"
"603","Zooplankton",51,5.01187233627271e-08,2.26771586728483,2.27070915391045,2.26566234463407,"Zooplankton"
"604","Zooplankton",52,6.30957344480193e-08,2.28727338744572,2.29039092119081,2.28455082557272,"Zooplankton"
"605","Zooplankton",53,7.9432823472428e-08,2.30704897553545,2.31094502042582,2.30381873486505,"Zooplankton"
"606","Zooplankton",54,1e-07,2.3263362800696,2.33127777512001,2.32252342905276,"Zooplankton"
"607","Zooplankton",55,1.25892541179417e-07,2.34519067730669,2.35064075146489,2.34027546818748,"Zooplankton"
"608","Zooplankton",56,1.58489319246111e-07,2.36238795488878,2.36834902992701,2.3565096526469,"Zooplankton"
"609","Zooplankton",57,1.99526231496888e-07,2.37711978322218,2.38400863248109,2.37056066135828,"Zooplankton"
"610","Zooplankton",58,2.51188643150958e-07,2.38908584315807,2.39681291532067,2.38188506478159,"Zooplankton"
"611","Zooplankton",59,3.16227766016838e-07,2.39802483943929,2.40642673944845,2.39018123650331,"Zooplankton"
"612","Zooplankton",60,3.98107170553497e-07,2.40386892261764,2.41274929038135,2.39543972283552,"Zooplankton"
"613","Zooplankton",61,5.01187233627271e-07,2.40675643398114,2.41590450522998,2.39791096538749,"Zooplankton"
"614","Zooplankton",62,6.30957344480193e-07,2.40702441055702,2.41621532576379,2.39802927826722,"Zooplankton"
"615","Zooplankton",63,7.94328234724281e-07,2.40513656793861,2.41418233397058,2.39634534505751,"Zooplankton"
"616","Zooplankton",64,1e-06,2.4013246709988,2.41047267672859,2.39349632862859,"Zooplankton"
"617","Zooplankton",65,1.25892541179417e-06,2.39692584266327,2.40590589658446,2.39020410773135,"Zooplankton"
"618","Zooplankton",66,1.58489319246111e-06,2.3932178655491,2.40141107615314,2.38726259962436,"Zooplankton"
"619","Zooplankton",67,1.99526231496888e-06,2.39085829138166,2.39793370458144,2.38547355517457,"Zooplankton"
"620","Zooplankton",68,2.51188643150958e-06,2.39005262268557,2.39629393504991,2.38552139777043,"Zooplankton"
"621","Zooplankton",69,3.16227766016838e-06,2.39143208455977,2.39703270096166,2.38782674573677,"Zooplankton"
"622","Zooplankton",70,3.98107170553497e-06,2.39536269117578,2.40030926422903,2.39245356162058,"Zooplankton"
"623","Zooplankton",71,5.01187233627271e-06,2.40158831580183,2.40591138817046,2.39913519981973,"Zooplankton"
"624","Zooplankton",72,6.30957344480193e-06,2.40964649063762,2.41339856541422,2.40742657571114,"Zooplankton"
"625","Zooplankton",73,7.9432823472428e-06,2.41908544602686,2.42233341293734,2.41691835958761,"Zooplankton"
"626","Zooplankton",74,1e-05,2.42966474111859,2.43249906321969,2.42741227450065,"Zooplankton"
"627","Zooplankton",75,1.25892541179417e-05,2.44135340561065,2.44398824512772,2.43897672116601,"Zooplankton"
"628","Zooplankton",76,1.58489319246111e-05,2.45449661136832,2.45714191726152,2.45186551353982,"Zooplankton"
"629","Zooplankton",77,1.99526231496888e-05,2.46955028676054,2.47223559416851,2.46635562032494,"Zooplankton"
"630","Zooplankton",78,2.51188643150958e-05,2.48652564921288,2.48941048679418,2.48260359782545,"Zooplankton"
"631","Zooplankton",79,3.16227766016838e-05,2.50522184034427,2.50842241660216,2.50060482804794,"Zooplankton"
"632","Zooplankton",80,3.98107170553497e-05,2.52553494955874,2.52892858830491,2.52021660034448,"Zooplankton"
"633","Zooplankton",81,5.01187233627271e-05,2.54746973768163,2.5508781966253,2.54112288059601,"Zooplankton"
"634","Zooplankton",82,6.30957344480192e-05,2.57107715993773,2.57451556722786,2.56377102011763,"Zooplankton"
"635","Zooplankton",83,7.94328234724282e-05,2.59648664122206,2.60021216973112,2.58835799111953,"Zooplankton"
"636","Zooplankton",84,1e-04,2.62411934065489,2.62826942234446,2.61535485881734,"Zooplankton"
"637","Zooplankton",85,0.000125892541179417,2.65434320020511,2.65888770120569,2.64546836808414,"Zooplankton"
"638","Zooplankton",86,0.000158489319246111,2.68750608851008,2.69228079705685,2.67926818044655,"Zooplankton"
"639","Zooplankton",87,0.000199526231496887,2.72400921587835,2.72877891228836,2.71724298286266,"Zooplankton"
"640","Zooplankton",88,0.000251188643150958,2.76414298466909,2.76882739751635,2.75974691451182,"Zooplankton"
"641","Zooplankton",89,0.000316227766016838,2.80852298929616,2.81289462652374,2.80576524436365,"Zooplankton"
"642","Zooplankton",90,0.000398107170553497,2.85898686245286,2.86131311413292,2.85651269532852,"Zooplankton"
"643","Zooplankton",91,0.000501187233627271,2.91268487323535,2.91568400320894,2.91078441588124,"Zooplankton"
"644","Zooplankton",92,0.000630957344480192,2.9698601512649,2.97407699259975,2.96794729751012,"Zooplankton"
"645","Zooplankton",93,0.000794328234724282,3.02873402457104,3.03308701483719,3.02681557835863,"Zooplankton"
"646","Zooplankton",94,0.001,3.08683525248861,3.09034484990257,3.08509544541661,"Zooplankton"
"647","Zooplankton",95,0.00125892541179417,3.14183181120423,3.14348292781344,3.14042661114706,"Zooplankton"
"648","Zooplankton",96,0.00158489319246111,3.19071646253701,3.19177595642171,3.18984964099395,"Zooplankton"
"649","Zooplankton",97,0.00199526231496888,3.23249086061086,3.23429140944794,3.23085018831889,"Zooplankton"
"650","Zooplankton",98,0.00251188643150958,3.26860386274019,3.27126336403002,3.2656094551809,"Zooplankton"
"651","Zooplankton",99,0.00316227766016838,3.29947560470912,3.3027327658302,3.29561782347671,"Zooplankton"
"652","Zooplankton",100,0.00398107170553497,3.32648551378111,3.33010316568435,3.32213751358634,"Zooplankton"
"653","Zooplankton",101,0.00501187233627272,3.35046729990368,3.35451896512971,3.34617626395175,"Zooplankton"
"654","Zooplankton",102,0.00630957344480194,3.37280192406832,3.37676676678631,3.36841989332767,"Zooplankton"
"655","Zooplankton",103,0.00794328234724282,3.39336436457367,3.3974277127209,3.38930233859276,"Zooplankton"
"656","Zooplankton",104,0.01,3.41263680245846,3.41688667061958,3.40909528743418,"Zooplankton"
"657","Zooplankton",105,0.0125892541179417,3.43113353261454,3.4353980748926,3.42796922213171,"Zooplankton"
"658","Zooplankton",106,0.0158489319246111,3.44930259123169,3.45312450207438,3.4459918425797,"Zooplankton"
"659","Zooplankton",107,0.0199526231496888,3.4666567033387,3.47077250658177,3.46306333440221,"Zooplankton"
"660","Zooplankton",108,0.0251188643150958,3.48314332782875,3.48775177998044,3.4793875968081,"Zooplankton"
"661","Zooplankton",109,0.0316227766016838,3.49890057972274,3.50391109939257,3.49494629695551,"Zooplankton"
"662","Zooplankton",110,0.0398107170553497,3.51388784945184,3.51912995682343,3.50969379028434,"Zooplankton"
"663","Zooplankton",111,0.0501187233627271,3.52796577251128,3.53326450472147,3.52355732337488,"Zooplankton"
"664","Zooplankton",112,0.0630957344480194,3.54095701605588,3.54615759030379,3.5364345032385,"Zooplankton"
"665","Zooplankton",113,0.0794328234724282,3.55266208045033,3.55764853238232,3.5481922726627,"Zooplankton"
"666","Zooplankton",114,0.1,3.5628817938434,3.56758660617083,3.55867252488027,"Zooplankton"
"667","Zooplankton",115,0.125892541179417,3.57141767004137,3.57585243269651,3.56770920698642,"Zooplankton"
"668","Zooplankton",116,0.158489319246111,3.57808623330099,3.58238956643799,3.57508364160771,"Zooplankton"
"669","Zooplankton",117,0.199526231496888,3.58309949725608,3.58724440114593,3.58069983251735,"Zooplankton"
"670","Zooplankton",118,0.251188643150958,3.58681419656477,3.59060662780934,3.58471813648073,"Zooplankton"
"671","Zooplankton",119,0.316227766016838,3.58905308133845,3.59283660472535,3.58737696662171,"Zooplankton"
"672","Zooplankton",120,0.398107170553497,3.59072403805496,3.59446324785404,3.58910649060832,"Zooplankton"
"673","Zooplankton",121,0.501187233627271,3.59210176801423,3.59614008185435,3.59050202909957,"Zooplankton"
"674","Zooplankton",122,0.630957344480194,3.59397910810858,3.59855966107066,3.59225013210781,"Zooplankton"
"675","Zooplankton",123,0.794328234724282,3.59748565797755,3.60234408560474,3.59502271192319,"Zooplankton"
"676","Zooplankton",124,1,3.60239223102913,3.607354269758,3.59900605875685,"Zooplankton"
"677","Zooplankton",125,1.25892541179417,3.60959200198533,3.61466136168752,3.60515577870228,"Zooplankton"
"678","Zooplankton",126,1.58489319246111,3.61875793774385,3.62394781414747,3.61303052131201,"Zooplankton"
"679","Zooplankton",127,1.99526231496888,3.6293895828137,3.63492418121594,3.62267202461408,"Zooplankton"
"680","Zooplankton",128,2.51188643150958,3.64152585756637,3.64743825688419,3.63384757333669,"Zooplankton"
"681","Zooplankton",129,3.16227766016838,3.65463996466112,3.66105199706253,3.64635736124577,"Zooplankton"
"682","Zooplankton",130,3.98107170553497,3.66876248023282,3.67553419618911,3.66003777679428,"Zooplankton"
"683","Zooplankton",131,5.01187233627271,3.68364203540079,3.69071469322424,3.67475729960324,"Zooplankton"
"684","Zooplankton",132,6.30957344480194,3.69916255983105,3.70647895411061,3.69040921506885,"Zooplankton"
"685","Zooplankton",133,7.94328234724282,3.71524953219083,3.72275651910889,3.7069036333654,"Zooplankton"
"686","Zooplankton",134,10,3.73185921067144,3.73950745212774,3.72416033171111,"Zooplankton"
"687","Zooplankton",135,12.5892541179417,3.74896851911994,3.75670983764532,3.74210341645095,"Zooplankton"
"688","Zooplankton",136,15.8489319246111,3.76656635818375,3.77434986784129,3.76056222461091,"Zooplankton"
"689","Zooplankton",137,19.9526231496888,3.78468136300283,3.79241483895927,3.77859132272746,"Zooplankton"
"690","Zooplankton",138,25.1188643150958,3.8032013285239,3.81088868885532,3.79716308863316,"Zooplankton"
"691","Zooplankton",139,31.6227766016838,3.8222707851847,3.82974948510169,3.81626556389629,"Zooplankton"
"692","Zooplankton",140,39.8107170553497,3.84141305725955,3.84896831895469,3.83560024665602,"Zooplankton"
"693","Zooplankton",141,50.1187233627271,3.86134608156359,3.86850919714721,3.85530878328979,"Zooplankton"
"694","Zooplankton",142,63.0957344480194,3.88177097199735,3.88832964644899,3.87517480961242,"Zooplankton"
"695","Zooplankton",143,79.4328234724282,3.9018160960646,3.90867711771195,3.89488328096532,"Zooplankton"
"696","Zooplankton",144,100,NA,NA,NA,"Zooplankton"
"697","Zooplankton",145,125.892541179417,NA,NA,NA,"Zooplankton"
"698","Zooplankton",146,158.489319246111,NA,NA,NA,"Zooplankton"
"699","Zooplankton",147,199.526231496888,NA,NA,NA,"Zooplankton"
"700","Zooplankton",148,251.188643150958,NA,NA,NA,"Zooplankton"
"701","Zooplankton",149,316.227766016838,NA,NA,NA,"Zooplankton"
"702","Zooplankton",150,398.107170553497,NA,NA,NA,"Zooplankton"
"703","Zooplankton",151,501.187233627271,NA,NA,NA,"Zooplankton"
"704","Zooplankton",152,630.957344480194,NA,NA,NA,"Zooplankton"
"705","Zooplankton",153,794.328234724282,NA,NA,NA,"Zooplankton"
"706","Zooplankton",154,1000,NA,NA,NA,"Zooplankton"
"707","Zooplankton",155,1258.92541179417,NA,NA,NA,"Zooplankton"
"708","Zooplankton",156,1584.89319246111,NA,NA,NA,"Zooplankton"
"709","Zooplankton",157,1995.26231496888,NA,NA,NA,"Zooplankton"
"710","Zooplankton",158,2511.88643150958,NA,NA,NA,"Zooplankton"
"711","Zooplankton",159,3162.27766016838,NA,NA,NA,"Zooplankton"
"712","Zooplankton",160,3981.07170553497,NA,NA,NA,"Zooplankton"
"713","Zooplankton",161,5011.87233627272,NA,NA,NA,"Zooplankton"
"714","Zooplankton",162,6309.57344480194,NA,NA,NA,"Zooplankton"
"715","Zooplankton",163,7943.28234724279,NA,NA,NA,"Zooplankton"
"716","Zooplankton",164,10000,NA,NA,NA,"Zooplankton"
"717","Zooplankton",165,12589.2541179417,NA,NA,NA,"Zooplankton"
"718","Zooplankton",166,15848.9319246111,NA,NA,NA,"Zooplankton"
"719","Zooplankton",167,19952.6231496888,NA,NA,NA,"Zooplankton"
"720","Zooplankton",168,25118.8643150957,NA,NA,NA,"Zooplankton"
"721","Zooplankton",169,31622.7766016838,NA,NA,NA,"Zooplankton"
"722","Zooplankton",170,39810.7170553499,NA,NA,NA,"Zooplankton"
"723","Zooplankton",171,50118.7233627271,NA,NA,NA,"Zooplankton"
"724","Zooplankton",172,63095.7344480194,NA,NA,NA,"Zooplankton"
"725","Zooplankton",173,79432.8234724279,NA,NA,NA,"Zooplankton"
"726","Zooplankton",174,1e+05,NA,NA,NA,"Zooplankton"
"727","Zooplankton",175,125892.541179417,NA,NA,NA,"Zooplankton"
"728","Zooplankton",176,158489.319246111,NA,NA,NA,"Zooplankton"
"729","Zooplankton",177,199526.231496888,NA,NA,NA,"Zooplankton"
"730","Zooplankton",178,251188.643150957,NA,NA,NA,"Zooplankton"
"731","Zooplankton",179,316227.766016838,NA,NA,NA,"Zooplankton"
"732","Zooplankton",180,398107.170553499,NA,NA,NA,"Zooplankton"
"733","Zooplankton",181,501187.233627271,NA,NA,NA,"Zooplankton"
"734","Zooplankton",182,630957.344480194,NA,NA,NA,"Zooplankton"
"735","Zooplankton",183,794328.234724279,NA,NA,NA,"Zooplankton"
"736","Zooplankton",184,1e+06,NA,NA,NA,"Zooplankton"
